term,category,shape,n_words,family,operator,variant,outcome,exact,output,mozhi_edits
SSD,hardware,acronym,1,canonical,canonical,SSD,recovered,yes,please check the SSD now,
SSD,hardware,acronym,1,acronym_map,acronym_map,ess ess dee,recovered,yes,please check the SSD now,ess ess dee -> SSD
SSD,hardware,acronym,1,spelled,spelled_alt,es es di,recovered,yes,please check the SSD now,es es di -> SSD
HDD,hardware,acronym,1,canonical,canonical,HDD,recovered,yes,please check the HDD now,
HDD,hardware,acronym,1,acronym_map,acronym_map,aitch dee dee,recovered,yes,please check the HDD now,aitch dee dee -> HDD
HDD,hardware,acronym,1,spelled,spelled_alt,aich di di,recovered,yes,please check the HDD now,aich di di -> HDD
RAM,hardware,acronym,1,canonical,canonical,RAM,recovered,yes,please check the RAM now,
RAM,hardware,acronym,1,spelled,spelled,are ay em,recovered,yes,please check the RAM now,are ay em -> RAM
RAM,hardware,acronym,1,spelled,spelled_alt,arr a emm,recovered,yes,please check the RAM now,arr a emm -> RAM
RAM,hardware,acronym,1,synthetic,vowel_swap,rem,missed,no,please check the rem now,
RAM,hardware,acronym,1,synthetic,consonant_swap,ran,missed,no,please check the ran now,
RAM,hardware,acronym,1,synthetic,add_suffix,ramd,recovered,yes,please check the RAM now,ramd -> RAM
RAM,hardware,acronym,1,synthetic,vowel_swap,rum,missed,no,please check the rum now,
RAM,hardware,acronym,1,synthetic,consonant_swap,lam,missed,no,please check the lam now,
RAM,hardware,acronym,1,synthetic,add_suffix,ramt,recovered,yes,please check the RAM now,ramt -> RAM
RAM,hardware,acronym,1,synthetic,vowel_swap,rim,missed,no,please check the rim now,
RAM,hardware,acronym,1,synthetic,vowel_swap,rom,missed,no,please check the rom now,
CPU,hardware,acronym,1,canonical,canonical,CPU,recovered,yes,please check the CPU now,
CPU,hardware,acronym,1,acronym_map,acronym_map,sea pu,recovered,yes,please check the CPU now,sea pu -> CPU
CPU,hardware,acronym,1,acronym_map,acronym_map,see pu,recovered,yes,please check the CPU now,see pu -> CPU
CPU,hardware,acronym,1,acronym_map,acronym_map,sea pew,recovered,yes,please check the CPU now,sea pew -> CPU
CPU,hardware,acronym,1,spelled,spelled,see pea you,missed,no,please check the see pea you now,
CPU,hardware,acronym,1,spelled,spelled_alt,sea pe u,missed,no,please check the sea pe u now,
GPU,hardware,acronym,1,canonical,canonical,GPU,recovered,yes,please check the GPU now,
GPU,hardware,acronym,1,spelled,spelled,gee pea you,missed,no,please check the gee pea you now,
GPU,hardware,acronym,1,spelled,spelled_alt,jee pee ewe,missed,no,please check the jee pee ewe now,
BIOS,hardware,acronym,1,canonical,canonical,BIOS,recovered,yes,please check the BIOS now,
BIOS,hardware,acronym,1,acronym_map,acronym_map,bye os,recovered,yes,please check the BIOS now,bye os -> BIOS
BIOS,hardware,acronym,1,acronym_map,acronym_map,bio's,recovered,yes,please check the BIOS now,bio's -> BIOS
BIOS,hardware,acronym,1,spelled,spelled,bee eye oh ess,recovered,yes,please check the BIOS now,bee eye oh ess -> BIOS
BIOS,hardware,acronym,1,spelled,spelled_alt,be i owe es,recovered,yes,please check the BIOS now,be i owe es -> BIOS
BIOS,hardware,acronym,1,synthetic,vowel_swap,biis,recovered,yes,please check the BIOS now,biis -> BIOS
BIOS,hardware,acronym,1,synthetic,consonant_swap,pios,missed,no,please check the pios now,
BIOS,hardware,acronym,1,synthetic,add_suffix,biost,recovered,yes,please check the BIOS now,biost -> BIOS
BIOS,hardware,acronym,1,synthetic,respell,byos,missed,no,please check the byos now,
BIOS,hardware,acronym,1,synthetic,vowel_swap,buos,recovered,yes,please check the BIOS now,buos -> BIOS
BIOS,hardware,acronym,1,synthetic,consonant_swap,bioz,recovered,yes,please check the BIOS now,bioz -> BIOS
BIOS,hardware,acronym,1,synthetic,add_suffix,biosd,recovered,yes,please check the BIOS now,biosd -> BIOS
BIOS,hardware,acronym,1,synthetic,vowel_swap,baos,recovered,yes,please check the BIOS now,baos -> BIOS
BIOS,hardware,acronym,1,synthetic,vowel_swap,beos,recovered,yes,please check the BIOS now,beos -> BIOS
BIOS,hardware,acronym,1,synthetic,vowel_swap,boos,recovered,yes,please check the BIOS now,boos -> BIOS
HDMI,hardware,acronym,1,canonical,canonical,HDMI,recovered,yes,please check the HDMI now,
HDMI,hardware,acronym,1,acronym_map,acronym_map,aitch dee em eye,recovered,yes,please check the HDMI now,aitch dee em eye -> HDMI
HDMI,hardware,acronym,1,spelled,spelled_alt,aich di emm i,recovered,yes,please check the HDMI now,aich di emm i -> HDMI
HDMI,hardware,acronym,1,synthetic,vowel_swap,hdmo,recovered,yes,please check the HDMI now,hdmo -> HDMI
HDMI,hardware,acronym,1,synthetic,consonant_swap,htmi,recovered,yes,please check the HDMI now,htmi -> HDMI
HDMI,hardware,acronym,1,synthetic,double_consonant,hddmi,recovered,yes,please check the HDMI now,hddmi -> HDMI
HDMI,hardware,acronym,1,synthetic,respell,hdmy,recovered,yes,please check the HDMI now,hdmy -> HDMI
HDMI,hardware,acronym,1,synthetic,vowel_swap,hdmu,recovered,yes,please check the HDMI now,hdmu -> HDMI
HDMI,hardware,acronym,1,synthetic,consonant_swap,hdni,missed,no,please check the hdni now,
HDMI,hardware,acronym,1,synthetic,double_consonant,hdmmi,recovered,yes,please check the HDMI now,hdmmi -> HDMI
HDMI,hardware,acronym,1,synthetic,vowel_swap,hdma,recovered,yes,please check the HDMI now,hdma -> HDMI
HDMI,hardware,acronym,1,synthetic,vowel_swap,hdme,recovered,yes,please check the HDMI now,hdme -> HDMI
USB,hardware,acronym,1,canonical,canonical,USB,recovered,yes,please check the USB now,
USB,hardware,acronym,1,acronym_map,acronym_map,you ess bee,recovered,yes,please check the USB now,you ess bee -> USB
USB,hardware,acronym,1,spelled,spelled_alt,yu es be,recovered,yes,please check the USB now,yu es be -> USB
motherboard,hardware,single_word,1,canonical,canonical,motherboard,recovered,yes,please check the motherboard now,
motherboard,hardware,single_word,1,synthetic,vowel_swap,mothirboard,recovered,yes,please check the motherboard now,mothirboard -> motherboard
motherboard,hardware,single_word,1,synthetic,consonant_swap,modherboard,recovered,yes,please check the motherboard now,modherboard -> motherboard
motherboard,hardware,single_word,1,synthetic,double_consonant,motherbboard,recovered,yes,please check the motherboard now,motherbboard -> motherboard
motherboard,hardware,single_word,1,synthetic,drop_last,motherboar,recovered,yes,please check the motherboard now,motherboar -> motherboard
motherboard,hardware,single_word,1,synthetic,split_word,moth erboard,recovered,yes,please check the motherboard now,moth erboard -> motherboard
motherboard,hardware,single_word,1,synthetic,vowel_swap,motherbaard,recovered,yes,please check the motherboard now,motherbaard -> motherboard
motherboard,hardware,single_word,1,synthetic,consonant_swap,notherboard,recovered,yes,please check the motherboard now,notherboard -> motherboard
motherboard,hardware,single_word,1,synthetic,double_consonant,motherrboard,recovered,yes,please check the motherboard now,motherrboard -> motherboard
motherboard,hardware,single_word,1,synthetic,split_word,mothe rboard,recovered,yes,please check the motherboard now,mothe rboard -> motherboard
motherboard,hardware,single_word,1,synthetic,vowel_swap,motharboard,recovered,yes,please check the motherboard now,motharboard -> motherboard
firmware,hardware,single_word,1,canonical,canonical,firmware,recovered,yes,please check the firmware now,
firmware,hardware,single_word,1,synthetic,vowel_swap,fermware,recovered,yes,please check the firmware now,fermware -> firmware
firmware,hardware,single_word,1,synthetic,consonant_swap,firnware,recovered,yes,please check the firmware now,firnware -> firmware
firmware,hardware,single_word,1,synthetic,double_consonant,firmwware,recovered,yes,please check the firmware now,firmwware -> firmware
firmware,hardware,single_word,1,synthetic,drop_last,firmwar,recovered,yes,please check the firmware now,firmwar -> firmware
firmware,hardware,single_word,1,synthetic,respell,fyrmware,recovered,yes,please check the firmware now,fyrmware -> firmware
firmware,hardware,single_word,1,synthetic,split_word,firm ware,recovered,yes,please check the firmware now,firm ware -> firmware
firmware,hardware,single_word,1,synthetic,vowel_swap,firmwaro,recovered,yes,please check the firmware now,firmwaro -> firmware
firmware,hardware,single_word,1,synthetic,consonant_swap,virmware,recovered,yes,please check the firmware now,virmware -> firmware
firmware,hardware,single_word,1,synthetic,double_consonant,firmmware,recovered,yes,please check the firmware now,firmmware -> firmware
firmware,hardware,single_word,1,synthetic,split_word,fir mware,recovered,yes,please check the firmware now,fir mware -> firmware
API,software,acronym,1,canonical,canonical,API,recovered,yes,please check the API now,
API,software,acronym,1,acronym_map,acronym_map,ay pea eye,recovered,yes,please check the API now,ay pea eye -> API
API,software,acronym,1,acronym_map,acronym_map,ay p i,recovered,yes,please check the API now,ay p i -> API
API,software,acronym,1,spelled,spelled_alt,a pe i,recovered,yes,please check the API now,a pe i -> API
SDK,software,acronym,1,canonical,canonical,SDK,recovered,yes,please check the SDK now,
SDK,software,acronym,1,acronym_map,acronym_map,ess dee kay,recovered,yes,please check the SDK now,ess dee kay -> SDK
SDK,software,acronym,1,spelled,spelled_alt,es di kae,recovered,yes,please check the SDK now,es di kae -> SDK
IDE,software,acronym,1,canonical,canonical,IDE,recovered,yes,please check the IDE now,
IDE,software,acronym,1,acronym_map,acronym_map,eye dee ee,recovered,yes,please check the IDE now,eye dee ee -> IDE
IDE,software,acronym,1,spelled,spelled_alt,aye di e,recovered,yes,please check the IDE now,aye di e -> IDE
GUI,software,acronym,1,canonical,canonical,GUI,recovered,yes,please check the GUI now,
GUI,software,acronym,1,acronym_map,acronym_map,gooey,recovered,yes,please check the GUI now,gooey -> GUI
GUI,software,acronym,1,acronym_map,acronym_map,goo ey,recovered,yes,please check the GUI now,goo ey -> GUI
GUI,software,acronym,1,spelled,spelled,gee you eye,missed,no,please check the gee you eye now,
GUI,software,acronym,1,spelled,spelled_alt,jee u aye,missed,no,please check the jee u aye now,
CLI,software,acronym,1,canonical,canonical,CLI,recovered,yes,please check the CLI now,
CLI,software,acronym,1,acronym_map,acronym_map,see ell eye,recovered,yes,please check the CLI now,see ell eye -> CLI
CLI,software,acronym,1,spelled,spelled,see el eye,recovered,yes,please check the CLI now,see el eye -> CLI
CLI,software,acronym,1,spelled,spelled_alt,cee ell aye,recovered,yes,please check the CLI now,cee ell aye -> CLI
URL,software,acronym,1,canonical,canonical,URL,recovered,yes,please check the URL now,
URL,software,acronym,1,acronym_map,acronym_map,you are ell,recovered,yes,please check the URL now,you are ell -> URL
URL,software,acronym,1,spelled,spelled,you are el,recovered,yes,please check the URL now,you are el -> URL
URL,software,acronym,1,spelled,spelled_alt,yu arr ell,recovered,yes,please check the URL now,yu arr ell -> URL
DNS,networking,acronym,1,canonical,canonical,DNS,recovered,yes,please check the DNS now,
DNS,networking,acronym,1,acronym_map,acronym_map,dee en ess,recovered,yes,please check the DNS now,dee en ess -> DNS
DNS,networking,acronym,1,spelled,spelled_alt,di enn es,recovered,yes,please check the DNS now,di enn es -> DNS
DHCP,networking,acronym,1,canonical,canonical,DHCP,recovered,yes,please check the DHCP now,
DHCP,networking,acronym,1,acronym_map,acronym_map,dee aitch see pea,recovered,yes,please check the DHCP now,dee aitch see pea -> DHCP
DHCP,networking,acronym,1,spelled,spelled_alt,di haitch cee pee,recovered,yes,please check the DHCP now,di haitch cee pee -> DHCP
DHCP,networking,acronym,1,synthetic,consonant_swap,thcp,missed,no,please check the thcp now,
DHCP,networking,acronym,1,synthetic,double_consonant,dhccp,recovered,yes,please check the DHCP now,dhccp -> DHCP
DHCP,networking,acronym,1,synthetic,add_suffix,dhcpt,recovered,yes,please check the DHCP now,dhcpt -> DHCP
DHCP,networking,acronym,1,synthetic,consonant_swap,dhcb,missed,no,please check the dhcb now,
DHCP,networking,acronym,1,synthetic,double_consonant,dhhcp,recovered,yes,please check the DHCP now,dhhcp -> DHCP
DHCP,networking,acronym,1,synthetic,add_suffix,dhcpd,recovered,yes,please check the DHCP now,dhcpd -> DHCP
DHCP,networking,acronym,1,synthetic,consonant_swap,dhkp,recovered,yes,please check the DHCP now,dhkp -> DHCP
VPN,networking,acronym,1,canonical,canonical,VPN,recovered,yes,please check the VPN now,
VPN,networking,acronym,1,acronym_map,acronym_map,vee pea en,recovered,yes,please check the VPN now,vee pea en -> VPN
VPN,networking,acronym,1,spelled,spelled_alt,ve pe enn,recovered,yes,please check the VPN now,ve pe enn -> VPN
IP address,networking,phrase,2,canonical,canonical,IP address,recovered,yes,please check the IP address now,
IP address,networking,phrase,2,spelled_token,spell_token,eye pea address,garbled,no,please check the eye IP address now,pea address -> IP address
IP address,networking,phrase,2,synthetic,vowel_swap,ip uddress,missed,no,please check the ip uddress now,
IP address,networking,phrase,2,synthetic,consonant_swap,ip addless,recovered,yes,please check the IP address now,ip addless -> IP address
IP address,networking,phrase,2,synthetic,double_consonant,ip addres,recovered,yes,please check the IP address now,ip addres -> IP address
IP address,networking,phrase,2,synthetic,split_word,ip addr ess,recovered,yes,please check the IP address now,ip addr ess -> IP address
IP address,networking,phrase,2,synthetic,merge_words,ipaddress,missed,no,please check the ipaddress now,
IP address,networking,phrase,2,synthetic,swap_words,address ip,recovered,yes,please check the IP address now,address ip -> IP address
IP address,networking,phrase,2,synthetic,vowel_swap,ip eddress,recovered,yes,please check the IP address now,ip eddress -> IP address
IP address,networking,phrase,2,synthetic,consonant_swap,ip addrezs,recovered,yes,please check the IP address now,ip addrezs -> IP address
IP address,networking,phrase,2,synthetic,double_consonant,ip adress,recovered,yes,please check the IP address now,ip adress -> IP address
IP address,networking,phrase,2,synthetic,split_word,ip add ress,missed,no,please check the ip add ress now,
firewall,networking,single_word,1,canonical,canonical,firewall,recovered,yes,please check the firewall now,
firewall,networking,single_word,1,synthetic,vowel_swap,furewall,recovered,yes,please check the firewall now,furewall -> firewall
firewall,networking,single_word,1,synthetic,consonant_swap,filewall,recovered,yes,please check the firewall now,filewall -> firewall
firewall,networking,single_word,1,synthetic,double_consonant,firewwall,recovered,yes,please check the firewall now,firewwall -> firewall
firewall,networking,single_word,1,synthetic,drop_last,firewal,recovered,yes,please check the firewall now,firewal -> firewall
firewall,networking,single_word,1,synthetic,respell,fyrewall,recovered,yes,please check the firewall now,fyrewall -> firewall
firewall,networking,single_word,1,synthetic,split_word,fire wall,recovered,yes,please check the firewall now,fire wall -> firewall
firewall,networking,single_word,1,synthetic,vowel_swap,firawall,recovered,yes,please check the firewall now,firawall -> firewall
firewall,networking,single_word,1,synthetic,consonant_swap,virewall,recovered,yes,please check the firewall now,virewall -> firewall
firewall,networking,single_word,1,synthetic,double_consonant,firrewall,recovered,yes,please check the firewall now,firrewall -> firewall
firewall,networking,single_word,1,synthetic,split_word,firew all,recovered,yes,please check the firewall now,firew all -> firewall
router,networking,single_word,1,canonical,canonical,router,recovered,yes,please check the router now,
router,networking,single_word,1,synthetic,vowel_swap,riuter,recovered,yes,please check the router now,riuter -> router
router,networking,single_word,1,synthetic,consonant_swap,louter,missed,no,please check the louter now,
router,networking,single_word,1,synthetic,double_consonant,routter,recovered,yes,please check the router now,routter -> router
router,networking,single_word,1,synthetic,drop_last,route,recovered,yes,please check the router now,route -> router
router,networking,single_word,1,synthetic,respell,rowter,recovered,yes,please check the router now,rowter -> router
router,networking,single_word,1,synthetic,vowel_swap,rauter,recovered,yes,please check the router now,rauter -> router
router,networking,single_word,1,synthetic,consonant_swap,rouder,recovered,yes,please check the router now,rouder -> router
router,networking,single_word,1,synthetic,vowel_swap,routir,recovered,yes,please check the router now,routir -> router
router,networking,single_word,1,synthetic,consonant_swap,routel,missed,no,please check the routel now,
router,networking,single_word,1,synthetic,vowel_swap,roater,recovered,yes,please check the router now,roater -> router
subnet,networking,single_word,1,canonical,canonical,subnet,recovered,yes,please check the subnet now,
subnet,networking,single_word,1,synthetic,vowel_swap,subnot,recovered,yes,please check the subnet now,subnot -> subnet
subnet,networking,single_word,1,synthetic,consonant_swap,supnet,missed,no,please check the supnet now,
subnet,networking,single_word,1,synthetic,double_consonant,subbnet,recovered,yes,please check the subnet now,subbnet -> subnet
subnet,networking,single_word,1,synthetic,drop_last,subne,recovered,yes,please check the subnet now,subne -> subnet
subnet,networking,single_word,1,synthetic,vowel_swap,subnit,recovered,yes,please check the subnet now,subnit -> subnet
subnet,networking,single_word,1,synthetic,consonant_swap,submet,missed,no,please check the submet now,
subnet,networking,single_word,1,synthetic,double_consonant,subnnet,recovered,yes,please check the subnet now,subnnet -> subnet
subnet,networking,single_word,1,synthetic,vowel_swap,sibnet,recovered,yes,please check the subnet now,sibnet -> subnet
subnet,networking,single_word,1,synthetic,consonant_swap,subned,recovered,yes,please check the subnet now,subned -> subnet
subnet,networking,single_word,1,synthetic,vowel_swap,sabnet,recovered,yes,please check the subnet now,sabnet -> subnet
gateway,networking,single_word,1,canonical,canonical,gateway,recovered,yes,please check the gateway now,
gateway,networking,single_word,1,synthetic,vowel_swap,gataway,recovered,yes,please check the gateway now,gataway -> gateway
gateway,networking,single_word,1,synthetic,consonant_swap,kateway,recovered,yes,please check the gateway now,kateway -> gateway
gateway,networking,single_word,1,synthetic,double_consonant,gatteway,recovered,yes,please check the gateway now,gatteway -> gateway
gateway,networking,single_word,1,synthetic,drop_last,gatewa,recovered,yes,please check the gateway now,gatewa -> gateway
gateway,networking,single_word,1,synthetic,respell,gatewai,recovered,yes,please check the gateway now,gatewai -> gateway
gateway,networking,single_word,1,synthetic,split_word,gate way,recovered,yes,please check the gateway now,gate way -> gateway
gateway,networking,single_word,1,synthetic,vowel_swap,gatewoy,recovered,yes,please check the gateway now,gatewoy -> gateway
gateway,networking,single_word,1,synthetic,consonant_swap,gadeway,recovered,yes,please check the gateway now,gadeway -> gateway
gateway,networking,single_word,1,synthetic,double_consonant,gatewway,recovered,yes,please check the gateway now,gatewway -> gateway
gateway,networking,single_word,1,synthetic,split_word,gat eway,recovered,yes,please check the gateway now,gat eway -> gateway
latency,networking,single_word,1,canonical,canonical,latency,recovered,yes,please check the latency now,
latency,networking,single_word,1,synthetic,vowel_swap,litency,recovered,yes,please check the latency now,litency -> latency
latency,networking,single_word,1,synthetic,consonant_swap,ratency,missed,no,please check the ratency now,
latency,networking,single_word,1,synthetic,double_consonant,lattency,recovered,yes,please check the latency now,lattency -> latency
latency,networking,single_word,1,synthetic,drop_last,latenc,recovered,yes,please check the latency now,latenc -> latency
latency,networking,single_word,1,synthetic,respell,latenci,recovered,yes,please check the latency now,latenci -> latency
latency,networking,single_word,1,synthetic,split_word,lat ency,recovered,yes,please check the latency now,lat ency -> latency
latency,networking,single_word,1,synthetic,vowel_swap,latancy,recovered,yes,please check the latency now,latancy -> latency
latency,networking,single_word,1,synthetic,consonant_swap,latemcy,recovered,yes,please check the latency now,latemcy -> latency
latency,networking,single_word,1,synthetic,double_consonant,latenncy,recovered,yes,please check the latency now,latenncy -> latency
latency,networking,single_word,1,synthetic,split_word,late ncy,recovered,yes,please check the latency now,late ncy -> latency
bandwidth,networking,single_word,1,canonical,canonical,bandwidth,recovered,yes,please check the bandwidth now,
bandwidth,networking,single_word,1,synthetic,vowel_swap,bendwidth,recovered,yes,please check the bandwidth now,bendwidth -> bandwidth
bandwidth,networking,single_word,1,synthetic,consonant_swap,pandwidth,recovered,yes,please check the bandwidth now,pandwidth -> bandwidth
bandwidth,networking,single_word,1,synthetic,double_consonant,bandwiddth,recovered,yes,please check the bandwidth now,bandwiddth -> bandwidth
bandwidth,networking,single_word,1,synthetic,drop_last,bandwidt,recovered,yes,please check the bandwidth now,bandwidt -> bandwidth
bandwidth,networking,single_word,1,synthetic,respell,bandwydth,recovered,yes,please check the bandwidth now,bandwydth -> bandwidth
bandwidth,networking,single_word,1,synthetic,split_word,band width,recovered,yes,please check the bandwidth now,band width -> bandwidth
bandwidth,networking,single_word,1,synthetic,vowel_swap,bindwidth,recovered,yes,please check the bandwidth now,bindwidth -> bandwidth
bandwidth,networking,single_word,1,synthetic,consonant_swap,bandwiddh,recovered,yes,please check the bandwidth now,bandwiddh -> bandwidth
bandwidth,networking,single_word,1,synthetic,double_consonant,banndwidth,recovered,yes,please check the bandwidth now,banndwidth -> bandwidth
bandwidth,networking,single_word,1,synthetic,split_word,ban dwidth,recovered,yes,please check the bandwidth now,ban dwidth -> bandwidth
SSH,networking,acronym,1,canonical,canonical,SSH,recovered,yes,please check the SSH now,
SSH,networking,acronym,1,acronym_map,acronym_map,ess ess aitch,recovered,yes,please check the SSH now,ess ess aitch -> SSH
SSH,networking,acronym,1,spelled,spelled_alt,es es aich,recovered,yes,please check the SSH now,es es aich -> SSH
TCP,networking,acronym,1,canonical,canonical,TCP,recovered,yes,please check the TCP now,
TCP,networking,acronym,1,acronym_map,acronym_map,tee see pea,recovered,yes,please check the TCP now,tee see pea -> TCP
TCP,networking,acronym,1,spelled,spelled,tea see pea,missed,no,please check the tea see pea now,
TCP,networking,acronym,1,spelled,spelled_alt,tee sea pe,missed,no,please check the tee sea pe now,
UDP,networking,acronym,1,canonical,canonical,UDP,recovered,yes,please check the UDP now,
UDP,networking,acronym,1,acronym_map,acronym_map,you dee pea,recovered,yes,please check the UDP now,you dee pea -> UDP
UDP,networking,acronym,1,spelled,spelled_alt,u di pe,recovered,yes,please check the UDP now,u di pe -> UDP
SSL,security,acronym,1,canonical,canonical,SSL,recovered,yes,please check the SSL now,
SSL,security,acronym,1,acronym_map,acronym_map,ess ess ell,recovered,yes,please check the SSL now,ess ess ell -> SSL
SSL,security,acronym,1,spelled,spelled,ess ess el,recovered,yes,please check the SSL now,ess ess el -> SSL
SSL,security,acronym,1,spelled,spelled_alt,es es ell,recovered,yes,please check the SSL now,es es ell -> SSL
TLS,security,acronym,1,canonical,canonical,TLS,recovered,yes,please check the TLS now,
TLS,security,acronym,1,acronym_map,acronym_map,tee ell ess,recovered,yes,please check the TLS now,tee ell ess -> TLS
TLS,security,acronym,1,spelled,spelled,tea el ess,recovered,yes,please check the TLS now,tea el ess -> TLS
TLS,security,acronym,1,spelled,spelled_alt,te ell es,recovered,yes,please check the TLS now,te ell es -> TLS
OAuth,security,single_word,1,canonical,canonical,OAuth,recovered,yes,please check the OAuth now,
OAuth,security,single_word,1,acronym_map,acronym_map,oh auth,recovered,yes,please check the OAuth now,oh auth -> OAuth
OAuth,security,single_word,1,acronym_map,acronym_map,oh authe,recovered,yes,please check the OAuth now,oh authe -> OAuth
OAuth,security,single_word,1,synthetic,vowel_swap,aauth,missed,no,please check the aauth now,
OAuth,security,single_word,1,synthetic,consonant_swap,oaudh,missed,no,please check the oaudh now,
OAuth,security,single_word,1,synthetic,double_consonant,oautth,recovered,yes,please check the OAuth now,oautth -> OAuth
OAuth,security,single_word,1,synthetic,drop_last,oaut,missed,no,please check the oaut now,
OAuth,security,single_word,1,synthetic,vowel_swap,oeuth,recovered,yes,please check the OAuth now,oeuth -> OAuth
OAuth,security,single_word,1,synthetic,vowel_swap,iauth,missed,no,please check the iauth now,
OAuth,security,single_word,1,synthetic,vowel_swap,oouth,missed,no,please check the oouth now,
OAuth,security,single_word,1,synthetic,vowel_swap,oiuth,recovered,yes,please check the OAuth now,oiuth -> OAuth
OAuth,security,single_word,1,synthetic,vowel_swap,ouuth,recovered,yes,please check the OAuth now,ouuth -> OAuth
OAuth,security,single_word,1,synthetic,vowel_swap,uauth,missed,no,please check the uauth now,
two-factor authentication,security,phrase,3,canonical,canonical,two-factor authentication,recovered,yes,please check the two-factor authentication now,
two-factor authentication,security,phrase,3,synthetic,vowel_swap,two factor uuthentication,recovered,no,please check the two factor authentication now,uuthentication -> authentication
two-factor authentication,security,phrase,3,synthetic,consonant_swap,two factor authenticatiom,garbled,no,please check the two factor authentication,authenticatiom now -> authentication
two-factor authentication,security,phrase,3,synthetic,double_consonant,two factor authenticattion,recovered,no,please check the two factor authentication now,authenticattion -> authentication
two-factor authentication,security,phrase,3,synthetic,drop_last,two factor authenticatio,garbled,no,please check the two factor authentication,authenticatio now -> authentication
two-factor authentication,security,phrase,3,synthetic,respell,two factor authentycation,recovered,no,please check the two factor authentication now,authentycation -> authentication
two-factor authentication,security,phrase,3,synthetic,split_word,two factor authenti cation,recovered,no,please check the two factor authentication now,authenti cation -> authentication
two-factor authentication,security,phrase,3,synthetic,merge_words,twofactor authentication,missed,no,please check the twofactor authentication now,
two-factor authentication,security,phrase,3,synthetic,swap_words,factor two authentication,missed,no,please check the factor two authentication now,
two-factor authentication,security,phrase,3,synthetic,vowel_swap,two factor aathentication,recovered,no,please check the two factor authentication now,aathentication -> authentication
two-factor authentication,security,phrase,3,synthetic,consonant_swap,two factor authentikation,recovered,no,please check the two factor authentication now,authentikation -> authentication
malware,security,single_word,1,canonical,canonical,malware,recovered,yes,please check the malware now,
malware,security,single_word,1,synthetic,vowel_swap,molware,recovered,yes,please check the malware now,molware -> malware
malware,security,single_word,1,synthetic,consonant_swap,nalware,missed,no,please check the nalware now,
malware,security,single_word,1,synthetic,double_consonant,malwarre,recovered,yes,please check the malware now,malwarre -> malware
malware,security,single_word,1,synthetic,drop_last,malwar,recovered,yes,please check the malware now,malwar -> malware
malware,security,single_word,1,synthetic,split_word,malw are,recovered,yes,please check the malware now,malw are -> malware
malware,security,single_word,1,synthetic,vowel_swap,malwaru,recovered,yes,please check the malware now,malwaru -> malware
malware,security,single_word,1,synthetic,consonant_swap,malwale,recovered,yes,please check the malware now,malwale -> malware
malware,security,single_word,1,synthetic,double_consonant,mallware,recovered,yes,please check the malware now,mallware -> malware
malware,security,single_word,1,synthetic,split_word,mal ware,recovered,yes,please check the malware now,mal ware -> malware
malware,security,single_word,1,synthetic,vowel_swap,malwure,recovered,yes,please check the malware now,malwure -> malware
phishing,security,single_word,1,canonical,canonical,phishing,recovered,yes,please check the phishing now,
phishing,security,single_word,1,synthetic,vowel_swap,phishung,recovered,yes,please check the phishing now,phishung -> phishing
phishing,security,single_word,1,synthetic,consonant_swap,phizhing,missed,no,please check the phizhing now,
phishing,security,single_word,1,synthetic,double_consonant,phishinng,recovered,yes,please check the phishing now,phishinng -> phishing
phishing,security,single_word,1,synthetic,drop_last,phishin,recovered,yes,please check the phishing now,phishin -> phishing
phishing,security,single_word,1,synthetic,respell,physhing,recovered,yes,please check the phishing now,physhing -> phishing
phishing,security,single_word,1,synthetic,split_word,phi shing,recovered,yes,please check the phishing now,phi shing -> phishing
phishing,security,single_word,1,synthetic,vowel_swap,phishang,recovered,yes,please check the phishing now,phishang -> phishing
phishing,security,single_word,1,synthetic,consonant_swap,phishink,recovered,yes,please check the phishing now,phishink -> phishing
phishing,security,single_word,1,synthetic,double_consonant,phishhing,recovered,yes,please check the phishing now,phishhing -> phishing
phishing,security,single_word,1,synthetic,respell,phishyng,recovered,yes,please check the phishing now,phishyng -> phishing
encryption,security,single_word,1,canonical,canonical,encryption,recovered,yes,please check the encryption now,
encryption,security,single_word,1,synthetic,vowel_swap,encryptiin,recovered,yes,please check the encryption now,encryptiin -> encryption
encryption,security,single_word,1,synthetic,consonant_swap,enclyption,recovered,yes,please check the encryption now,enclyption -> encryption
encryption,security,single_word,1,synthetic,double_consonant,encrypttion,recovered,yes,please check the encryption now,encrypttion -> encryption
encryption,security,single_word,1,synthetic,drop_last,encryptio,recovered,yes,please check the encryption now,encryptio -> encryption
encryption,security,single_word,1,synthetic,respell,encription,recovered,yes,please check the encryption now,encription -> encryption
encryption,security,single_word,1,synthetic,split_word,encryp tion,recovered,yes,please check the encryption now,encryp tion -> encryption
encryption,security,single_word,1,synthetic,vowel_swap,uncryption,recovered,yes,please check the encryption now,uncryption -> encryption
encryption,security,single_word,1,synthetic,consonant_swap,emcryption,recovered,yes,please check the encryption now,emcryption -> encryption
encryption,security,single_word,1,synthetic,double_consonant,enccryption,recovered,yes,please check the encryption now,enccryption -> encryption
encryption,security,single_word,1,synthetic,respell,encryptyon,recovered,yes,please check the encryption now,encryptyon -> encryption
cache,software,single_word,1,canonical,canonical,cache,recovered,yes,please check the cache now,
cache,software,single_word,1,synthetic,vowel_swap,cachu,recovered,yes,please check the cache now,cachu -> cache
cache,software,single_word,1,synthetic,consonant_swap,kache,recovered,yes,please check the cache now,kache -> cache
cache,software,single_word,1,synthetic,double_consonant,cachhe,recovered,yes,please check the cache now,cachhe -> cache
cache,software,single_word,1,synthetic,drop_last,cach,recovered,yes,please check the cache now,cach -> cache
cache,software,single_word,1,synthetic,vowel_swap,cachi,recovered,yes,please check the cache now,cachi -> cache
cache,software,single_word,1,synthetic,consonant_swap,cakhe,missed,no,please check the cakhe now,
cache,software,single_word,1,synthetic,double_consonant,cacche,missed,no,please check the cacche now,
cache,software,single_word,1,synthetic,vowel_swap,cacha,recovered,yes,please check the cache now,cacha -> cache
cache,software,single_word,1,synthetic,vowel_swap,coche,recovered,yes,please check the cache now,coche -> cache
cache,software,single_word,1,synthetic,vowel_swap,cacho,recovered,yes,please check the cache now,cacho -> cache
kernel,software,single_word,1,canonical,canonical,kernel,recovered,yes,please check the kernel now,
kernel,software,single_word,1,synthetic,vowel_swap,kurnel,recovered,yes,please check the kernel now,kurnel -> kernel
kernel,software,single_word,1,synthetic,consonant_swap,kelnel,missed,no,please check the kelnel now,
kernel,software,single_word,1,synthetic,double_consonant,kerrnel,recovered,yes,please check the kernel now,kerrnel -> kernel
kernel,software,single_word,1,synthetic,drop_last,kerne,recovered,yes,please check the kernel now,kerne -> kernel
kernel,software,single_word,1,synthetic,vowel_swap,kernal,recovered,yes,please check the kernel now,kernal -> kernel
kernel,software,single_word,1,synthetic,consonant_swap,kerner,recovered,yes,please check the kernel now,kerner -> kernel
kernel,software,single_word,1,synthetic,double_consonant,kernnel,recovered,yes,please check the kernel now,kernnel -> kernel
kernel,software,single_word,1,synthetic,vowel_swap,kernul,recovered,yes,please check the kernel now,kernul -> kernel
kernel,software,single_word,1,synthetic,consonant_swap,kermel,missed,no,please check the kermel now,
kernel,software,single_word,1,synthetic,vowel_swap,kornel,recovered,yes,please check the kernel now,kornel -> kernel
daemon,software,single_word,1,canonical,canonical,daemon,recovered,yes,please check the daemon now,
daemon,software,single_word,1,synthetic,vowel_swap,daamon,recovered,yes,please check the daemon now,daamon -> daemon
daemon,software,single_word,1,synthetic,consonant_swap,daemom,garbled,no,please check the daemon,daemom now -> daemon
daemon,software,single_word,1,synthetic,double_consonant,daemmon,recovered,yes,please check the daemon now,daemmon -> daemon
daemon,software,single_word,1,synthetic,drop_last,daemo,garbled,no,please check the daemon,daemo now -> daemon
daemon,software,single_word,1,synthetic,vowel_swap,duemon,recovered,yes,please check the daemon now,duemon -> daemon
daemon,software,single_word,1,synthetic,consonant_swap,daenon,missed,no,please check the daenon now,
daemon,software,single_word,1,synthetic,vowel_swap,daeman,recovered,yes,please check the daemon now,daeman -> daemon
daemon,software,single_word,1,synthetic,consonant_swap,taemon,recovered,yes,please check the daemon now,taemon -> daemon
daemon,software,single_word,1,synthetic,vowel_swap,daemun,recovered,yes,please check the daemon now,daemun -> daemon
daemon,software,single_word,1,synthetic,vowel_swap,doemon,recovered,yes,please check the daemon now,doemon -> daemon
container,software,single_word,1,canonical,canonical,container,recovered,yes,please check the container now,
container,software,single_word,1,synthetic,vowel_swap,contoiner,recovered,yes,please check the container now,contoiner -> container
container,software,single_word,1,synthetic,consonant_swap,kontainer,recovered,yes,please check the container now,kontainer -> container
container,software,single_word,1,synthetic,double_consonant,conttainer,recovered,yes,please check the container now,conttainer -> container
container,software,single_word,1,synthetic,drop_last,containe,recovered,yes,please check the container now,containe -> container
container,software,single_word,1,synthetic,respell,contayner,recovered,yes,please check the container now,contayner -> container
container,software,single_word,1,synthetic,split_word,conta iner,recovered,yes,please check the container now,conta iner -> container
container,software,single_word,1,synthetic,vowel_swap,containir,recovered,yes,please check the container now,containir -> container
container,software,single_word,1,synthetic,consonant_swap,containel,recovered,yes,please check the container now,containel -> container
container,software,single_word,1,synthetic,double_consonant,conntainer,recovered,yes,please check the container now,conntainer -> container
container,software,single_word,1,synthetic,split_word,cont ainer,recovered,yes,please check the container now,cont ainer -> container
Kubernetes,software,single_word,1,canonical,canonical,Kubernetes,recovered,yes,please check the Kubernetes now,
Kubernetes,software,single_word,1,synthetic,vowel_swap,kuburnetes,recovered,yes,please check the Kubernetes now,kuburnetes -> Kubernetes
Kubernetes,software,single_word,1,synthetic,consonant_swap,kubelnetes,recovered,yes,please check the Kubernetes now,kubelnetes -> Kubernetes
Kubernetes,software,single_word,1,synthetic,double_consonant,kubbernetes,recovered,yes,please check the Kubernetes now,kubbernetes -> Kubernetes
Kubernetes,software,single_word,1,synthetic,drop_last,kubernete,recovered,yes,please check the Kubernetes now,kubernete -> Kubernetes
Kubernetes,software,single_word,1,synthetic,split_word,kubern etes,recovered,yes,please check the Kubernetes now,kubern etes -> Kubernetes
Kubernetes,software,single_word,1,synthetic,vowel_swap,kubernetas,recovered,yes,please check the Kubernetes now,kubernetas -> Kubernetes
Kubernetes,software,single_word,1,synthetic,consonant_swap,kupernetes,recovered,yes,please check the Kubernetes now,kupernetes -> Kubernetes
Kubernetes,software,single_word,1,synthetic,double_consonant,kubernettes,recovered,yes,please check the Kubernetes now,kubernettes -> Kubernetes
Kubernetes,software,single_word,1,synthetic,split_word,kube rnetes,recovered,yes,please check the Kubernetes now,kube rnetes -> Kubernetes
Kubernetes,software,single_word,1,synthetic,vowel_swap,kubernotes,recovered,yes,please check the Kubernetes now,kubernotes -> Kubernetes
Docker,software,single_word,1,canonical,canonical,Docker,recovered,yes,please check the Docker now,
Docker,software,single_word,1,synthetic,vowel_swap,dockor,recovered,yes,please check the Docker now,dockor -> Docker
Docker,software,single_word,1,synthetic,consonant_swap,dokker,recovered,yes,please check the Docker now,dokker -> Docker
Docker,software,single_word,1,synthetic,double_consonant,dockker,recovered,yes,please check the Docker now,dockker -> Docker
Docker,software,single_word,1,synthetic,drop_last,docke,recovered,yes,please check the Docker now,docke -> Docker
Docker,software,single_word,1,synthetic,respell,doker,recovered,yes,please check the Docker now,doker -> Docker
Docker,software,single_word,1,synthetic,vowel_swap,dicker,recovered,yes,please check the Docker now,dicker -> Docker
Docker,software,single_word,1,synthetic,consonant_swap,dockel,missed,no,please check the dockel now,
Docker,software,single_word,1,synthetic,double_consonant,doccker,recovered,yes,please check the Docker now,doccker -> Docker
Docker,software,single_word,1,synthetic,vowel_swap,dockir,recovered,yes,please check the Docker now,dockir -> Docker
Docker,software,single_word,1,synthetic,consonant_swap,tocker,recovered,yes,please check the Docker now,tocker -> Docker
reboot,general,single_word,1,canonical,canonical,reboot,recovered,yes,please check the reboot now,
reboot,general,single_word,1,synthetic,vowel_swap,raboot,recovered,yes,please check the reboot now,raboot -> reboot
reboot,general,single_word,1,synthetic,consonant_swap,leboot,missed,no,please check the leboot now,
reboot,general,single_word,1,synthetic,double_consonant,rebboot,recovered,yes,please check the reboot now,rebboot -> reboot
reboot,general,single_word,1,synthetic,drop_last,reboo,recovered,yes,please check the reboot now,reboo -> reboot
reboot,general,single_word,1,synthetic,vowel_swap,reboet,recovered,yes,please check the reboot now,reboet -> reboot
reboot,general,single_word,1,synthetic,consonant_swap,rebood,recovered,yes,please check the reboot now,rebood -> reboot
reboot,general,single_word,1,synthetic,double_consonant,rebot,recovered,yes,please check the reboot now,rebot -> reboot
reboot,general,single_word,1,synthetic,vowel_swap,riboot,recovered,yes,please check the reboot now,riboot -> reboot
reboot,general,single_word,1,synthetic,consonant_swap,repoot,missed,no,please check the repoot now,
reboot,general,single_word,1,synthetic,vowel_swap,rebout,recovered,yes,please check the reboot now,rebout -> reboot
ticket,general,single_word,1,canonical,canonical,ticket,recovered,yes,please check the ticket now,
ticket,general,single_word,1,synthetic,vowel_swap,tickut,recovered,yes,please check the ticket now,tickut -> ticket
ticket,general,single_word,1,synthetic,consonant_swap,tikket,recovered,yes,please check the ticket now,tikket -> ticket
ticket,general,single_word,1,synthetic,double_consonant,tickket,recovered,yes,please check the ticket now,tickket -> ticket
ticket,general,single_word,1,synthetic,drop_last,ticke,recovered,yes,please check the ticket now,ticke -> ticket
ticket,general,single_word,1,synthetic,respell,tycket,recovered,yes,please check the ticket now,tycket -> ticket
ticket,general,single_word,1,synthetic,vowel_swap,tickat,recovered,yes,please check the ticket now,tickat -> ticket
ticket,general,single_word,1,synthetic,consonant_swap,ticget,recovered,yes,please check the ticket now,ticget -> ticket
ticket,general,single_word,1,synthetic,double_consonant,ticcket,recovered,yes,please check the ticket now,ticcket -> ticket
ticket,general,single_word,1,synthetic,respell,tiket,recovered,yes,please check the ticket now,tiket -> ticket
ticket,general,single_word,1,synthetic,vowel_swap,tacket,recovered,yes,please check the ticket now,tacket -> ticket
SLA,general,acronym,1,canonical,canonical,SLA,recovered,yes,please check the SLA now,
SLA,general,acronym,1,acronym_map,acronym_map,ess ell ay,recovered,yes,please check the SLA now,ess ell ay -> SLA
SLA,general,acronym,1,spelled,spelled,ess el ay,recovered,yes,please check the SLA now,ess el ay -> SLA
SLA,general,acronym,1,spelled,spelled_alt,es ell a,recovered,yes,please check the SLA now,es ell a -> SLA
SSO,security,acronym,1,canonical,canonical,SSO,recovered,yes,please check the SSO now,
SSO,security,acronym,1,acronym_map,acronym_map,ess ess oh,recovered,yes,please check the SSO now,ess ess oh -> SSO
SSO,security,acronym,1,spelled,spelled_alt,es es owe,recovered,yes,please check the SSO now,es es owe -> SSO
LAN,networking,acronym,1,canonical,canonical,LAN,recovered,yes,please check the LAN now,
LAN,networking,acronym,1,spelled,spelled,el ay en,recovered,yes,please check the LAN now,el ay en -> LAN
LAN,networking,acronym,1,spelled,spelled_alt,ell eh enn,recovered,yes,please check the LAN now,ell eh enn -> LAN
LAN,networking,acronym,1,synthetic,vowel_swap,lin,missed,no,please check the lin now,
LAN,networking,acronym,1,synthetic,consonant_swap,lam,missed,no,please check the lam now,
LAN,networking,acronym,1,synthetic,add_suffix,land,recovered,yes,please check the LAN now,land -> LAN
LAN,networking,acronym,1,synthetic,vowel_swap,lon,missed,no,please check the lon now,
LAN,networking,acronym,1,synthetic,consonant_swap,ran,missed,no,please check the ran now,
LAN,networking,acronym,1,synthetic,add_suffix,lant,recovered,yes,please check the LAN now,lant -> LAN
LAN,networking,acronym,1,synthetic,vowel_swap,len,missed,no,please check the len now,
LAN,networking,acronym,1,synthetic,vowel_swap,lun,missed,no,please check the lun now,
WAN,networking,acronym,1,canonical,canonical,WAN,recovered,yes,please check the WAN now,
WAN,networking,acronym,1,spelled,spelled,double you ay en,recovered,yes,please check the WAN now,double you ay en -> WAN
WAN,networking,acronym,1,spelled,spelled_alt,double u eh enn,recovered,yes,please check the WAN now,double u eh enn -> WAN
WAN,networking,acronym,1,synthetic,vowel_swap,wun,missed,no,please check the wun now,
WAN,networking,acronym,1,synthetic,consonant_swap,wam,missed,no,please check the wam now,
WAN,networking,acronym,1,synthetic,add_suffix,want,recovered,yes,please check the WAN now,want -> WAN
WAN,networking,acronym,1,synthetic,vowel_swap,wen,missed,no,please check the wen now,
WAN,networking,acronym,1,synthetic,add_suffix,wand,recovered,yes,please check the WAN now,wand -> WAN
WAN,networking,acronym,1,synthetic,vowel_swap,won,missed,no,please check the won now,
WAN,networking,acronym,1,synthetic,vowel_swap,win,missed,no,please check the win now,
WAN link,networking,phrase,2,canonical,canonical,WAN link,recovered,yes,please check the WAN link now,
WAN link,networking,phrase,2,phrase_alias,phrase_alias,one link,recovered,yes,please check the WAN link now,one link -> WAN link
WAN link,networking,phrase,2,spelled_token,spell_token,double you ay en link,recovered,yes,please check the WAN link now,double you ay en -> WAN
WAN link,networking,phrase,2,synthetic,vowel_swap,wun link,recovered,yes,please check the WAN link now,wun link -> WAN link
WAN link,networking,phrase,2,synthetic,consonant_swap,wam link,recovered,yes,please check the WAN link now,wam link -> WAN link
WAN link,networking,phrase,2,synthetic,double_consonant,wan linnk,missed,no,please check the WAN linnk now,wan -> WAN
WAN link,networking,phrase,2,synthetic,add_suffix,wan linkt,missed,no,please check the WAN linkt now,wan -> WAN
WAN link,networking,phrase,2,synthetic,respell,wan lynk,missed,no,please check the WAN lynk now,wan -> WAN
WAN link,networking,phrase,2,synthetic,merge_words,wanlink,missed,no,please check the wanlink now,
WAN link,networking,phrase,2,synthetic,swap_words,link wan,missed,no,please check the link WAN now,wan -> WAN
WAN link,networking,phrase,2,synthetic,vowel_swap,wen link,recovered,yes,please check the WAN link now,wen link -> WAN link
WAN link,networking,phrase,2,synthetic,consonant_swap,wan rink,missed,no,please check the WAN rink now,wan -> WAN
WAN link,networking,phrase,2,synthetic,add_suffix,wan linkd,missed,no,please check the WAN linkd now,wan -> WAN
Wi-Fi,networking,phrase,2,canonical,canonical,Wi-Fi,recovered,yes,please check the Wi-Fi now,
Wi-Fi,networking,phrase,2,synthetic,merge_words,wifi,recovered,yes,please check the Wi-Fi now,wifi -> Wi-Fi
Wi-Fi,networking,phrase,2,synthetic,swap_words,fi wi,missed,no,please check the fi wi now,
Bluetooth,hardware,single_word,1,canonical,canonical,Bluetooth,recovered,yes,please check the Bluetooth now,
Bluetooth,hardware,single_word,1,synthetic,vowel_swap,bloetooth,recovered,yes,please check the Bluetooth now,bloetooth -> Bluetooth
Bluetooth,hardware,single_word,1,synthetic,consonant_swap,pluetooth,missed,no,please check the pluetooth now,
Bluetooth,hardware,single_word,1,synthetic,double_consonant,blluetooth,recovered,yes,please check the Bluetooth now,blluetooth -> Bluetooth
Bluetooth,hardware,single_word,1,synthetic,drop_last,bluetoot,recovered,yes,please check the Bluetooth now,bluetoot -> Bluetooth
Bluetooth,hardware,single_word,1,synthetic,split_word,blue tooth,recovered,yes,please check the Bluetooth now,blue tooth -> Bluetooth
Bluetooth,hardware,single_word,1,synthetic,vowel_swap,bluetaoth,recovered,yes,please check the Bluetooth now,bluetaoth -> Bluetooth
Bluetooth,hardware,single_word,1,synthetic,consonant_swap,bruetooth,recovered,yes,please check the Bluetooth now,bruetooth -> Bluetooth
Bluetooth,hardware,single_word,1,synthetic,double_consonant,bluetoth,recovered,yes,please check the Bluetooth now,bluetoth -> Bluetooth
Bluetooth,hardware,single_word,1,synthetic,split_word,blu etooth,recovered,yes,please check the Bluetooth now,blu etooth -> Bluetooth
Bluetooth,hardware,single_word,1,synthetic,vowel_swap,bluatooth,recovered,yes,please check the Bluetooth now,bluatooth -> Bluetooth
Ethernet,networking,single_word,1,canonical,canonical,Ethernet,recovered,yes,please check the Ethernet now,
Ethernet,networking,single_word,1,synthetic,vowel_swap,ethurnet,recovered,yes,please check the Ethernet now,ethurnet -> Ethernet
Ethernet,networking,single_word,1,synthetic,consonant_swap,edhernet,missed,no,please check the edhernet now,
Ethernet,networking,single_word,1,synthetic,double_consonant,etthernet,recovered,yes,please check the Ethernet now,etthernet -> Ethernet
Ethernet,networking,single_word,1,synthetic,drop_last,etherne,recovered,yes,please check the Ethernet now,etherne -> Ethernet
Ethernet,networking,single_word,1,synthetic,split_word,eth ernet,recovered,yes,please check the Ethernet now,eth ernet -> Ethernet
Ethernet,networking,single_word,1,synthetic,vowel_swap,ethernat,recovered,yes,please check the Ethernet now,ethernat -> Ethernet
Ethernet,networking,single_word,1,synthetic,consonant_swap,etherned,recovered,yes,please check the Ethernet now,etherned -> Ethernet
Ethernet,networking,single_word,1,synthetic,double_consonant,ethhernet,recovered,yes,please check the Ethernet now,ethhernet -> Ethernet
Ethernet,networking,single_word,1,synthetic,split_word,ethe rnet,recovered,yes,please check the Ethernet now,ethe rnet -> Ethernet
Ethernet,networking,single_word,1,synthetic,vowel_swap,uthernet,missed,no,please check the uthernet now,
OS,software,acronym,1,canonical,canonical,OS,recovered,yes,please check the OS now,
OS,software,acronym,1,acronym_map,acronym_map,oh ess,recovered,yes,please check the OS now,oh ess -> OS
OS,software,acronym,1,spelled,spelled_alt,owe es,missed,no,please check the owe es now,
RAID,hardware,acronym,1,canonical,canonical,RAID,recovered,yes,please check the RAID now,
RAID,hardware,acronym,1,spelled,spelled,are ay eye dee,recovered,yes,please check the RAID now,are ay eye dee -> RAID
RAID,hardware,acronym,1,spelled,spelled_alt,ar eh i di,recovered,yes,please check the RAID now,ar eh i di -> RAID
RAID,hardware,acronym,1,synthetic,vowel_swap,reid,recovered,yes,please check the RAID now,reid -> RAID
RAID,hardware,acronym,1,synthetic,consonant_swap,rait,recovered,yes,please check the RAID now,rait -> RAID
RAID,hardware,acronym,1,synthetic,add_suffix,raidt,recovered,yes,please check the RAID now,raidt -> RAID
RAID,hardware,acronym,1,synthetic,respell,rayd,recovered,yes,please check the RAID now,rayd -> RAID
RAID,hardware,acronym,1,synthetic,vowel_swap,riid,recovered,yes,please check the RAID now,riid -> RAID
RAID,hardware,acronym,1,synthetic,consonant_swap,laid,missed,no,please check the laid now,
RAID,hardware,acronym,1,synthetic,vowel_swap,roid,recovered,yes,please check the RAID now,roid -> RAID
RAID,hardware,acronym,1,synthetic,vowel_swap,ruid,recovered,yes,please check the RAID now,ruid -> RAID
RAID,hardware,acronym,1,synthetic,vowel_swap,raod,recovered,yes,please check the RAID now,raod -> RAID
RAID,hardware,acronym,1,synthetic,vowel_swap,raed,recovered,yes,please check the RAID now,raed -> RAID
NAS,hardware,acronym,1,canonical,canonical,NAS,recovered,yes,please check the NAS now,
NAS,hardware,acronym,1,spelled,spelled,en ay ess,recovered,yes,please check the NAS now,en ay ess -> NAS
NAS,hardware,acronym,1,spelled,spelled_alt,enn eh es,recovered,yes,please check the NAS now,enn eh es -> NAS
NAS,hardware,acronym,1,synthetic,vowel_swap,nes,missed,no,please check the nes now,
NAS,hardware,acronym,1,synthetic,consonant_swap,mas,missed,no,please check the mas now,
NAS,hardware,acronym,1,synthetic,add_suffix,nasd,recovered,yes,please check the NAS now,nasd -> NAS
NAS,hardware,acronym,1,synthetic,vowel_swap,nus,missed,no,please check the nus now,
NAS,hardware,acronym,1,synthetic,consonant_swap,naz,missed,no,please check the naz now,
NAS,hardware,acronym,1,synthetic,add_suffix,nast,recovered,yes,please check the NAS now,nast -> NAS
NAS,hardware,acronym,1,synthetic,vowel_swap,nis,missed,no,please check the nis now,
NAS,hardware,acronym,1,synthetic,vowel_swap,nos,missed,no,please check the nos now,
ISP,networking,acronym,1,canonical,canonical,ISP,recovered,yes,please check the ISP now,
ISP,networking,acronym,1,acronym_map,acronym_map,eye ess pea,recovered,yes,please check the ISP now,eye ess pea -> ISP
ISP,networking,acronym,1,spelled,spelled_alt,i es pee,recovered,yes,please check the ISP now,i es pee -> ISP
MAC address,networking,phrase,2,canonical,canonical,MAC address,recovered,yes,please check the MAC address now,
MAC address,networking,phrase,2,acronym_map,acronym_map,em ay see,recovered,yes,please check the MAC address now,em ay see -> MAC address
MAC address,networking,phrase,2,spelled_token,spell_token,em ay see address,garbled,no,please check the MAC address IP address now,em ay see -> MAC address; address -> IP address
MAC address,networking,phrase,2,synthetic,vowel_swap,mac eddress,recovered,yes,please check the MAC address now,mac eddress -> MAC address
MAC address,networking,phrase,2,synthetic,consonant_swap,mac atdress,recovered,yes,please check the MAC address now,mac atdress -> MAC address
MAC address,networking,phrase,2,synthetic,double_consonant,mac adress,recovered,yes,please check the MAC address now,mac adress -> MAC address
MAC address,networking,phrase,2,synthetic,drop_last,mac addres,recovered,yes,please check the MAC address now,mac addres -> MAC address
MAC address,networking,phrase,2,synthetic,split_word,mac add ress,garbled,no,please check the MAC address ress now,mac add -> MAC address
MAC address,networking,phrase,2,synthetic,merge_words,macaddress,missed,no,please check the macaddress now,
MAC address,networking,phrase,2,synthetic,swap_words,address mac,recovered,yes,please check the MAC address now,address mac -> MAC address
MAC address,networking,phrase,2,synthetic,vowel_swap,mac uddress,missed,no,please check the mac uddress now,
MAC address,networking,phrase,2,synthetic,consonant_swap,mac addresz,recovered,yes,please check the MAC address now,mac addresz -> MAC address
MAC address,networking,phrase,2,synthetic,double_consonant,mac addrress,recovered,yes,please check the MAC address now,mac addrress -> MAC address
localhost,networking,single_word,1,canonical,canonical,localhost,recovered,yes,please check the localhost now,
localhost,networking,single_word,1,synthetic,vowel_swap,lacalhost,recovered,yes,please check the localhost now,lacalhost -> localhost
localhost,networking,single_word,1,synthetic,consonant_swap,localhosd,recovered,yes,please check the localhost now,localhosd -> localhost
localhost,networking,single_word,1,synthetic,double_consonant,localhhost,recovered,yes,please check the localhost now,localhhost -> localhost
localhost,networking,single_word,1,synthetic,drop_last,localhos,recovered,yes,please check the localhost now,localhos -> localhost
localhost,networking,single_word,1,synthetic,split_word,loc alhost,recovered,yes,please check the localhost now,loc alhost -> localhost
localhost,networking,single_word,1,synthetic,vowel_swap,localhust,recovered,yes,please check the localhost now,localhust -> localhost
localhost,networking,single_word,1,synthetic,consonant_swap,lokalhost,recovered,yes,please check the localhost now,lokalhost -> localhost
localhost,networking,single_word,1,synthetic,double_consonant,localhosst,recovered,yes,please check the localhost now,localhosst -> localhost
localhost,networking,single_word,1,synthetic,split_word,loca lhost,recovered,yes,please check the localhost now,loca lhost -> localhost
localhost,networking,single_word,1,synthetic,vowel_swap,localhist,recovered,yes,please check the localhost now,localhist -> localhost
endpoint,networking,single_word,1,canonical,canonical,endpoint,recovered,yes,please check the endpoint now,
endpoint,networking,single_word,1,synthetic,vowel_swap,andpoint,recovered,yes,please check the endpoint now,andpoint -> endpoint
endpoint,networking,single_word,1,synthetic,consonant_swap,endpoimt,recovered,yes,please check the endpoint now,endpoimt -> endpoint
endpoint,networking,single_word,1,synthetic,double_consonant,enddpoint,recovered,yes,please check the endpoint now,enddpoint -> endpoint
endpoint,networking,single_word,1,synthetic,drop_last,endpoin,recovered,yes,please check the endpoint now,endpoin -> endpoint
endpoint,networking,single_word,1,synthetic,respell,endpoynt,recovered,yes,please check the endpoint now,endpoynt -> endpoint
endpoint,networking,single_word,1,synthetic,split_word,endpo int,recovered,yes,please check the endpoint now,endpo int -> endpoint
endpoint,networking,single_word,1,synthetic,vowel_swap,ondpoint,recovered,yes,please check the endpoint now,ondpoint -> endpoint
endpoint,networking,single_word,1,synthetic,consonant_swap,emdpoint,recovered,yes,please check the endpoint now,emdpoint -> endpoint
endpoint,networking,single_word,1,synthetic,double_consonant,endpoinnt,recovered,yes,please check the endpoint now,endpoinnt -> endpoint
endpoint,networking,single_word,1,synthetic,split_word,endp oint,recovered,yes,please check the endpoint now,endp oint -> endpoint
backup,general,single_word,1,canonical,canonical,backup,recovered,yes,please check the backup now,
backup,general,single_word,1,synthetic,vowel_swap,bickup,recovered,yes,please check the backup now,bickup -> backup
backup,general,single_word,1,synthetic,consonant_swap,bakkup,recovered,yes,please check the backup now,bakkup -> backup
backup,general,single_word,1,synthetic,double_consonant,backkup,recovered,yes,please check the backup now,backkup -> backup
backup,general,single_word,1,synthetic,drop_last,backu,recovered,yes,please check the backup now,backu -> backup
backup,general,single_word,1,synthetic,respell,bakup,recovered,yes,please check the backup now,bakup -> backup
backup,general,single_word,1,synthetic,vowel_swap,backap,recovered,yes,please check the backup now,backap -> backup
backup,general,single_word,1,synthetic,consonant_swap,backub,missed,no,please check the backub now,
backup,general,single_word,1,synthetic,double_consonant,bacckup,recovered,yes,please check the backup now,bacckup -> backup
backup,general,single_word,1,synthetic,vowel_swap,backep,recovered,yes,please check the backup now,backep -> backup
backup,general,single_word,1,synthetic,consonant_swap,packup,missed,no,please check the packup now,
restore,general,single_word,1,canonical,canonical,restore,recovered,yes,please check the restore now,
restore,general,single_word,1,synthetic,vowel_swap,restoru,recovered,yes,please check the restore now,restoru -> restore
restore,general,single_word,1,synthetic,consonant_swap,restole,recovered,yes,please check the restore now,restole -> restore
restore,general,single_word,1,synthetic,double_consonant,restorre,recovered,yes,please check the restore now,restorre -> restore
restore,general,single_word,1,synthetic,drop_last,restor,recovered,yes,please check the restore now,restor -> restore
restore,general,single_word,1,synthetic,split_word,res tore,recovered,yes,please check the restore now,res tore -> restore
restore,general,single_word,1,synthetic,vowel_swap,resture,recovered,yes,please check the restore now,resture -> restore
restore,general,single_word,1,synthetic,consonant_swap,resdore,recovered,yes,please check the restore now,resdore -> restore
restore,general,single_word,1,synthetic,double_consonant,resstore,recovered,yes,please check the restore now,resstore -> restore
restore,general,single_word,1,synthetic,split_word,rest ore,recovered,yes,please check the restore now,rest ore -> restore
restore,general,single_word,1,synthetic,vowel_swap,restare,recovered,yes,please check the restore now,restare -> restore
database,software,single_word,1,canonical,canonical,database,recovered,yes,please check the database now,
database,software,single_word,1,synthetic,vowel_swap,dotabase,recovered,yes,please check the database now,dotabase -> database
database,software,single_word,1,synthetic,consonant_swap,databaze,recovered,yes,please check the database now,databaze -> database
database,software,single_word,1,synthetic,double_consonant,dattabase,recovered,yes,please check the database now,dattabase -> database
database,software,single_word,1,synthetic,drop_last,databas,recovered,yes,please check the database now,databas -> database
database,software,single_word,1,synthetic,respell,databace,recovered,yes,please check the database now,databace -> database
database,software,single_word,1,synthetic,split_word,data base,recovered,yes,please check the database now,data base -> database
database,software,single_word,1,synthetic,vowel_swap,ditabase,recovered,yes,please check the database now,ditabase -> database
database,software,single_word,1,synthetic,consonant_swap,datapase,recovered,yes,please check the database now,datapase -> database
database,software,single_word,1,synthetic,double_consonant,databasse,recovered,yes,please check the database now,databasse -> database
database,software,single_word,1,synthetic,split_word,datab ase,recovered,yes,please check the database now,datab ase -> database
SQL,software,acronym,1,canonical,canonical,SQL,recovered,yes,please check the SQL now,
SQL,software,acronym,1,acronym_map,acronym_map,ess cue ell,recovered,yes,please check the SQL now,ess cue ell -> SQL
SQL,software,acronym,1,spelled,spelled,ess queue el,recovered,yes,please check the SQL now,ess queue el -> SQL
SQL,software,acronym,1,spelled,spelled_alt,es kyu ell,recovered,yes,please check the SQL now,es kyu ell -> SQL
server,networking,single_word,1,canonical,canonical,server,recovered,yes,please check the server now,
server,networking,single_word,1,synthetic,vowel_swap,surver,recovered,yes,please check the server now,surver -> server
server,networking,single_word,1,synthetic,consonant_swap,zerver,recovered,yes,please check the server now,zerver -> server
server,networking,single_word,1,synthetic,double_consonant,serrver,recovered,yes,please check the server now,serrver -> server
server,networking,single_word,1,synthetic,drop_last,serve,recovered,yes,please check the server now,serve -> server
server,networking,single_word,1,synthetic,respell,cerver,recovered,yes,please check the server now,cerver -> server
server,networking,single_word,1,synthetic,vowel_swap,servar,recovered,yes,please check the server now,servar -> server
server,networking,single_word,1,synthetic,consonant_swap,serfer,recovered,yes,please check the server now,serfer -> server
server,networking,single_word,1,synthetic,double_consonant,servver,recovered,yes,please check the server now,servver -> server
server,networking,single_word,1,synthetic,vowel_swap,sorver,recovered,yes,please check the server now,sorver -> server
server,networking,single_word,1,synthetic,consonant_swap,selver,missed,no,please check the selver now,
client,networking,single_word,1,canonical,canonical,client,recovered,yes,please check the client now,
client,networking,single_word,1,synthetic,vowel_swap,claent,recovered,yes,please check the client now,claent -> client
client,networking,single_word,1,synthetic,consonant_swap,cliend,recovered,yes,please check the client now,cliend -> client
client,networking,single_word,1,synthetic,double_consonant,cllient,recovered,yes,please check the client now,cllient -> client
client,networking,single_word,1,synthetic,drop_last,clien,recovered,yes,please check the client now,clien -> client
client,networking,single_word,1,synthetic,respell,clyent,recovered,yes,please check the client now,clyent -> client
client,networking,single_word,1,synthetic,vowel_swap,cloent,recovered,yes,please check the client now,cloent -> client
client,networking,single_word,1,synthetic,consonant_swap,cliemt,recovered,yes,please check the client now,cliemt -> client
client,networking,single_word,1,synthetic,double_consonant,cliennt,recovered,yes,please check the client now,cliennt -> client
client,networking,single_word,1,synthetic,vowel_swap,cliant,recovered,yes,please check the client now,cliant -> client
client,networking,single_word,1,synthetic,consonant_swap,crient,missed,no,please check the crient now,
proxy,networking,single_word,1,canonical,canonical,proxy,recovered,yes,please check the proxy now,
proxy,networking,single_word,1,synthetic,vowel_swap,pruxy,recovered,yes,please check the proxy now,pruxy -> proxy
proxy,networking,single_word,1,synthetic,consonant_swap,broxy,missed,no,please check the broxy now,
proxy,networking,single_word,1,synthetic,double_consonant,proxxy,recovered,yes,please check the proxy now,proxxy -> proxy
proxy,networking,single_word,1,synthetic,drop_last,prox,recovered,yes,please check the proxy now,prox -> proxy
proxy,networking,single_word,1,synthetic,respell,proxi,recovered,yes,please check the proxy now,proxi -> proxy
proxy,networking,single_word,1,synthetic,vowel_swap,prexy,recovered,yes,please check the proxy now,prexy -> proxy
proxy,networking,single_word,1,synthetic,consonant_swap,ploxy,missed,no,please check the ploxy now,
proxy,networking,single_word,1,synthetic,double_consonant,prroxy,recovered,yes,please check the proxy now,prroxy -> proxy
proxy,networking,single_word,1,synthetic,vowel_swap,praxy,recovered,yes,please check the proxy now,praxy -> proxy
proxy,networking,single_word,1,synthetic,vowel_swap,prixy,recovered,yes,please check the proxy now,prixy -> proxy
load balancer,networking,phrase,2,canonical,canonical,load balancer,recovered,yes,please check the load balancer now,
load balancer,networking,phrase,2,synthetic,vowel_swap,liad balancer,recovered,yes,please check the load balancer now,liad balancer -> load balancer
load balancer,networking,phrase,2,synthetic,consonant_swap,load balancel,recovered,yes,please check the load balancer now,load balancel -> load balancer
load balancer,networking,phrase,2,synthetic,double_consonant,load balanccer,recovered,yes,please check the load balancer now,load balanccer -> load balancer
load balancer,networking,phrase,2,synthetic,drop_last,load balance,recovered,yes,please check the load balancer now,load balance -> load balancer
load balancer,networking,phrase,2,synthetic,add_suffix,loadt balancer,recovered,yes,please check the load balancer now,loadt balancer -> load balancer
load balancer,networking,phrase,2,synthetic,respell,load balanser,recovered,yes,please check the load balancer now,load balanser -> load balancer
load balancer,networking,phrase,2,synthetic,split_word,load bala ncer,garbled,no,please check the load balancer ncer now,load bala -> load balancer
load balancer,networking,phrase,2,synthetic,merge_words,loadbalancer,missed,no,please check the loadbalancer now,
load balancer,networking,phrase,2,synthetic,swap_words,balancer load,recovered,yes,please check the load balancer now,balancer load -> load balancer
load balancer,networking,phrase,2,synthetic,vowel_swap,laad balancer,recovered,yes,please check the load balancer now,laad balancer -> load balancer
credentials,security,single_word,1,canonical,canonical,credentials,recovered,yes,please check the credentials now,
credentials,security,single_word,1,synthetic,vowel_swap,credentuals,recovered,yes,please check the credentials now,credentuals -> credentials
credentials,security,single_word,1,synthetic,consonant_swap,credentiars,recovered,yes,please check the credentials now,credentiars -> credentials
credentials,security,single_word,1,synthetic,double_consonant,credenttials,recovered,yes,please check the credentials now,credenttials -> credentials
credentials,security,single_word,1,synthetic,drop_last,credential,recovered,yes,please check the credentials now,credential -> credentials
credentials,security,single_word,1,synthetic,respell,credentyals,recovered,yes,please check the credentials now,credentyals -> credentials
credentials,security,single_word,1,synthetic,split_word,cred entials,recovered,yes,please check the credentials now,cred entials -> credentials
credentials,security,single_word,1,synthetic,vowel_swap,credentiuls,recovered,yes,please check the credentials now,credentiuls -> credentials
credentials,security,single_word,1,synthetic,consonant_swap,credemtials,recovered,yes,please check the credentials now,credemtials -> credentials
credentials,security,single_word,1,synthetic,double_consonant,credentialls,recovered,yes,please check the credentials now,credentialls -> credentials
credentials,security,single_word,1,synthetic,split_word,creden tials,recovered,yes,please check the credentials now,creden tials -> credentials
authentication,security,single_word,1,canonical,canonical,authentication,recovered,yes,please check the authentication now,
authentication,security,single_word,1,synthetic,vowel_swap,authenticetion,recovered,yes,please check the authentication now,authenticetion -> authentication
authentication,security,single_word,1,synthetic,consonant_swap,authenticadion,recovered,yes,please check the authentication now,authenticadion -> authentication
authentication,security,single_word,1,synthetic,double_consonant,authenticattion,recovered,yes,please check the authentication now,authenticattion -> authentication
authentication,security,single_word,1,synthetic,drop_last,authenticatio,garbled,no,please check the authentication,authenticatio now -> authentication
authentication,security,single_word,1,synthetic,respell,authenticashun,recovered,yes,please check the authentication now,authenticashun -> authentication
authentication,security,single_word,1,synthetic,split_word,authent ication,recovered,yes,please check the authentication now,authent ication -> authentication
authentication,security,single_word,1,synthetic,vowel_swap,authenticatien,recovered,yes,please check the authentication now,authenticatien -> authentication
authentication,security,single_word,1,synthetic,consonant_swap,authendication,recovered,yes,please check the authentication now,authendication -> authentication
authentication,security,single_word,1,synthetic,double_consonant,authenticcation,recovered,yes,please check the authentication now,authenticcation -> authentication
authentication,security,single_word,1,synthetic,respell,authenticatyon,recovered,yes,please check the authentication now,authenticatyon -> authentication
authorization,security,single_word,1,canonical,canonical,authorization,recovered,yes,please check the authorization now,
authorization,security,single_word,1,synthetic,vowel_swap,authoruzation,recovered,yes,please check the authorization now,authoruzation -> authorization
authorization,security,single_word,1,synthetic,consonant_swap,authorizatiom,garbled,no,please check the authorization,authorizatiom now -> authorization
authorization,security,single_word,1,synthetic,double_consonant,authorizzation,recovered,yes,please check the authorization now,authorizzation -> authorization
authorization,security,single_word,1,synthetic,drop_last,authorizatio,garbled,no,please check the authorization,authorizatio now -> authorization
authorization,security,single_word,1,synthetic,respell,authoryzation,recovered,yes,please check the authorization now,authoryzation -> authorization
authorization,security,single_word,1,synthetic,split_word,author ization,recovered,yes,please check the authorization now,author ization -> authorization
authorization,security,single_word,1,synthetic,vowel_swap,authorizotion,recovered,yes,please check the authorization now,authorizotion -> authorization
authorization,security,single_word,1,synthetic,consonant_swap,audhorization,recovered,yes,please check the authorization now,audhorization -> authorization
authorization,security,single_word,1,synthetic,double_consonant,authorrization,recovered,yes,please check the authorization now,authorrization -> authorization
authorization,security,single_word,1,synthetic,respell,authorizashun,recovered,yes,please check the authorization now,authorizashun -> authorization
certificate,security,single_word,1,canonical,canonical,certificate,recovered,yes,please check the certificate now,
certificate,security,single_word,1,synthetic,vowel_swap,certificete,recovered,yes,please check the certificate now,certificete -> certificate
certificate,security,single_word,1,synthetic,consonant_swap,kertificate,recovered,yes,please check the certificate now,kertificate -> certificate
certificate,security,single_word,1,synthetic,double_consonant,cerrtificate,recovered,yes,please check the certificate now,cerrtificate -> certificate
certificate,security,single_word,1,synthetic,drop_last,certificat,recovered,yes,please check the certificate now,certificat -> certificate
certificate,security,single_word,1,synthetic,respell,certifycate,recovered,yes,please check the certificate now,certifycate -> certificate
certificate,security,single_word,1,synthetic,split_word,certi ficate,recovered,yes,please check the certificate now,certi ficate -> certificate
certificate,security,single_word,1,synthetic,vowel_swap,certificata,recovered,yes,please check the certificate now,certificata -> certificate
certificate,security,single_word,1,synthetic,consonant_swap,certifikate,recovered,yes,please check the certificate now,certifikate -> certificate
certificate,security,single_word,1,synthetic,double_consonant,certtificate,recovered,yes,please check the certificate now,certtificate -> certificate
certificate,security,single_word,1,synthetic,respell,certyficate,recovered,yes,please check the certificate now,certyficate -> certificate
crash,general,single_word,1,canonical,canonical,crash,recovered,yes,please check the crash now,
crash,general,single_word,1,synthetic,vowel_swap,crush,recovered,yes,please check the crash now,crush -> crash
crash,general,single_word,1,synthetic,consonant_swap,krash,recovered,yes,please check the crash now,krash -> crash
crash,general,single_word,1,synthetic,double_consonant,crrash,recovered,yes,please check the crash now,crrash -> crash
crash,general,single_word,1,synthetic,drop_last,cras,recovered,yes,please check the crash now,cras -> crash
crash,general,single_word,1,synthetic,vowel_swap,crosh,recovered,yes,please check the crash now,crosh -> crash
crash,general,single_word,1,synthetic,consonant_swap,crazh,missed,no,please check the crazh now,
crash,general,single_word,1,synthetic,double_consonant,crassh,recovered,yes,please check the crash now,crassh -> crash
crash,general,single_word,1,synthetic,vowel_swap,crish,recovered,yes,please check the crash now,crish -> crash
crash,general,single_word,1,synthetic,consonant_swap,clash,missed,no,please check the clash now,
crash,general,single_word,1,synthetic,vowel_swap,cresh,recovered,yes,please check the crash now,cresh -> crash
memory leak,software,phrase,2,canonical,canonical,memory leak,recovered,yes,please check the memory leak now,
memory leak,software,phrase,2,synthetic,vowel_swap,memory leek,recovered,yes,please check the memory leak now,memory leek -> memory leak
memory leak,software,phrase,2,synthetic,consonant_swap,nemory leak,recovered,yes,please check the memory leak now,nemory leak -> memory leak
memory leak,software,phrase,2,synthetic,double_consonant,memorry leak,recovered,yes,please check the memory leak now,memorry leak -> memory leak
memory leak,software,phrase,2,synthetic,drop_last,memor leak,recovered,yes,please check the memory leak now,memor leak -> memory leak
memory leak,software,phrase,2,synthetic,add_suffix,memory leakt,recovered,yes,please check the memory leak now,memory leakt -> memory leak
memory leak,software,phrase,2,synthetic,respell,memori leak,recovered,yes,please check the memory leak now,memori leak -> memory leak
memory leak,software,phrase,2,synthetic,merge_words,memoryleak,missed,no,please check the memoryleak now,
memory leak,software,phrase,2,synthetic,swap_words,leak memory,missed,no,please check the leak memory now,
memory leak,software,phrase,2,synthetic,vowel_swap,memory liak,recovered,yes,please check the memory leak now,memory liak -> memory leak
memory leak,software,phrase,2,synthetic,consonant_swap,memory reak,missed,no,please check the memory reak now,
disk space,hardware,phrase,2,canonical,canonical,disk space,recovered,yes,please check the disk space now,
disk space,hardware,phrase,2,synthetic,vowel_swap,dusk space,recovered,yes,please check the disk space now,dusk space -> disk space
disk space,hardware,phrase,2,synthetic,consonant_swap,disk spake,recovered,yes,please check the disk space now,disk spake -> disk space
disk space,hardware,phrase,2,synthetic,double_consonant,disk sppace,recovered,yes,please check the disk space now,disk sppace -> disk space
disk space,hardware,phrase,2,synthetic,drop_last,disk spac,recovered,yes,please check the disk space now,disk spac -> disk space
disk space,hardware,phrase,2,synthetic,add_suffix,diskt space,recovered,yes,please check the disk space now,diskt space -> disk space
disk space,hardware,phrase,2,synthetic,respell,dysk space,recovered,yes,please check the disk space now,dysk space -> disk space
disk space,hardware,phrase,2,synthetic,merge_words,diskspace,missed,no,please check the diskspace now,
disk space,hardware,phrase,2,synthetic,swap_words,space disk,missed,no,please check the space disk now,
disk space,hardware,phrase,2,synthetic,vowel_swap,dosk space,recovered,yes,please check the disk space now,dosk space -> disk space
disk space,hardware,phrase,2,synthetic,consonant_swap,disg space,recovered,yes,please check the disk space now,disg space -> disk space
printer,hardware,single_word,1,canonical,canonical,printer,recovered,yes,please check the printer now,
printer,hardware,single_word,1,synthetic,vowel_swap,pranter,recovered,yes,please check the printer now,pranter -> printer
printer,hardware,single_word,1,synthetic,consonant_swap,plinter,recovered,yes,please check the printer now,plinter -> printer
printer,hardware,single_word,1,synthetic,double_consonant,printter,recovered,yes,please check the printer now,printter -> printer
printer,hardware,single_word,1,synthetic,drop_last,printe,recovered,yes,please check the printer now,printe -> printer
printer,hardware,single_word,1,synthetic,respell,prynter,recovered,yes,please check the printer now,prynter -> printer
printer,hardware,single_word,1,synthetic,split_word,pri nter,recovered,yes,please check the printer now,pri nter -> printer
printer,hardware,single_word,1,synthetic,vowel_swap,printar,recovered,yes,please check the printer now,printar -> printer
printer,hardware,single_word,1,synthetic,consonant_swap,primter,recovered,yes,please check the printer now,primter -> printer
printer,hardware,single_word,1,synthetic,double_consonant,prinnter,recovered,yes,please check the printer now,prinnter -> printer
printer,hardware,single_word,1,synthetic,split_word,prin ter,recovered,yes,please check the printer now,prin ter -> printer
driver,hardware,single_word,1,canonical,canonical,driver,recovered,yes,please check the driver now,
driver,hardware,single_word,1,synthetic,vowel_swap,drover,recovered,yes,please check the driver now,drover -> driver
driver,hardware,single_word,1,synthetic,consonant_swap,drivel,recovered,yes,please check the driver now,drivel -> driver
driver,hardware,single_word,1,synthetic,double_consonant,drriver,recovered,yes,please check the driver now,drriver -> driver
driver,hardware,single_word,1,synthetic,drop_last,drive,missed,no,please check the drive now,
driver,hardware,single_word,1,synthetic,respell,dryver,recovered,yes,please check the driver now,dryver -> driver
driver,hardware,single_word,1,synthetic,vowel_swap,druver,recovered,yes,please check the driver now,druver -> driver
driver,hardware,single_word,1,synthetic,consonant_swap,dliver,missed,no,please check the dliver now,
driver,hardware,single_word,1,synthetic,double_consonant,drivver,recovered,yes,please check the driver now,drivver -> driver
driver,hardware,single_word,1,synthetic,vowel_swap,drivar,recovered,yes,please check the driver now,drivar -> driver
driver,hardware,single_word,1,synthetic,consonant_swap,drifer,recovered,yes,please check the driver now,drifer -> driver
patch,software,single_word,1,canonical,canonical,patch,recovered,yes,please check the patch now,
patch,software,single_word,1,synthetic,vowel_swap,petch,recovered,yes,please check the patch now,petch -> patch
patch,software,single_word,1,synthetic,consonant_swap,patkh,missed,no,please check the patkh now,
patch,software,single_word,1,synthetic,double_consonant,pattch,recovered,yes,please check the patch now,pattch -> patch
patch,software,single_word,1,synthetic,drop_last,patc,missed,no,please check the patc now,
patch,software,single_word,1,synthetic,vowel_swap,putch,recovered,yes,please check the patch now,putch -> patch
patch,software,single_word,1,synthetic,consonant_swap,batch,missed,no,please check the batch now,
patch,software,single_word,1,synthetic,double_consonant,patcch,missed,no,please check the patcch now,
patch,software,single_word,1,synthetic,vowel_swap,pitch,recovered,yes,please check the patch now,pitch -> patch
patch,software,single_word,1,synthetic,consonant_swap,padch,missed,no,please check the padch now,
patch,software,single_word,1,synthetic,vowel_swap,potch,recovered,yes,please check the patch now,potch -> patch
hypervisor,hardware,single_word,1,canonical,canonical,hypervisor,recovered,yes,please check the hypervisor now,
hypervisor,hardware,single_word,1,synthetic,vowel_swap,hypervasor,recovered,yes,please check the hypervisor now,hypervasor -> hypervisor
hypervisor,hardware,single_word,1,synthetic,consonant_swap,hypervizor,recovered,yes,please check the hypervisor now,hypervizor -> hypervisor
hypervisor,hardware,single_word,1,synthetic,double_consonant,hypervissor,recovered,yes,please check the hypervisor now,hypervissor -> hypervisor
hypervisor,hardware,single_word,1,synthetic,drop_last,hyperviso,recovered,yes,please check the hypervisor now,hyperviso -> hypervisor
hypervisor,hardware,single_word,1,synthetic,respell,hipervisor,recovered,yes,please check the hypervisor now,hipervisor -> hypervisor
hypervisor,hardware,single_word,1,synthetic,split_word,hyperv isor,recovered,yes,please check the hypervisor now,hyperv isor -> hypervisor
hypervisor,hardware,single_word,1,synthetic,vowel_swap,hypirvisor,recovered,yes,please check the hypervisor now,hypirvisor -> hypervisor
hypervisor,hardware,single_word,1,synthetic,consonant_swap,hypelvisor,recovered,yes,please check the hypervisor now,hypelvisor -> hypervisor
hypervisor,hardware,single_word,1,synthetic,double_consonant,hyypervisor,recovered,yes,please check the hypervisor now,hyypervisor -> hypervisor
hypervisor,hardware,single_word,1,synthetic,respell,hypervysor,recovered,yes,please check the hypervisor now,hypervysor -> hypervisor
bootloader,hardware,single_word,1,canonical,canonical,bootloader,recovered,yes,please check the bootloader now,
bootloader,hardware,single_word,1,synthetic,vowel_swap,bootluader,recovered,yes,please check the bootloader now,bootluader -> bootloader
bootloader,hardware,single_word,1,synthetic,consonant_swap,boodloader,recovered,yes,please check the bootloader now,boodloader -> bootloader
bootloader,hardware,single_word,1,synthetic,double_consonant,boottloader,recovered,yes,please check the bootloader now,boottloader -> bootloader
bootloader,hardware,single_word,1,synthetic,drop_last,bootloade,recovered,yes,please check the bootloader now,bootloade -> bootloader
bootloader,hardware,single_word,1,synthetic,split_word,bootlo ader,recovered,yes,please check the bootloader now,bootlo ader -> bootloader
bootloader,hardware,single_word,1,synthetic,vowel_swap,buotloader,recovered,yes,please check the bootloader now,buotloader -> bootloader
bootloader,hardware,single_word,1,synthetic,consonant_swap,pootloader,recovered,yes,please check the bootloader now,pootloader -> bootloader
bootloader,hardware,single_word,1,synthetic,double_consonant,bootloadder,recovered,yes,please check the bootloader now,bootloadder -> bootloader
bootloader,hardware,single_word,1,synthetic,split_word,bootl oader,recovered,yes,please check the bootloader now,bootl oader -> bootloader
bootloader,hardware,single_word,1,synthetic,vowel_swap,boatloader,recovered,yes,please check the bootloader now,boatloader -> bootloader
chipset,hardware,single_word,1,canonical,canonical,chipset,recovered,yes,please check the chipset now,
chipset,hardware,single_word,1,synthetic,vowel_swap,chapset,recovered,yes,please check the chipset now,chapset -> chipset
chipset,hardware,single_word,1,synthetic,consonant_swap,chipsed,recovered,yes,please check the chipset now,chipsed -> chipset
chipset,hardware,single_word,1,synthetic,double_consonant,chipsset,recovered,yes,please check the chipset now,chipsset -> chipset
chipset,hardware,single_word,1,synthetic,drop_last,chipse,recovered,yes,please check the chipset now,chipse -> chipset
chipset,hardware,single_word,1,synthetic,respell,chypset,recovered,yes,please check the chipset now,chypset -> chipset
chipset,hardware,single_word,1,synthetic,split_word,chip set,recovered,yes,please check the chipset now,chip set -> chipset
chipset,hardware,single_word,1,synthetic,vowel_swap,chipsat,recovered,yes,please check the chipset now,chipsat -> chipset
chipset,hardware,single_word,1,synthetic,consonant_swap,chipzet,recovered,yes,please check the chipset now,chipzet -> chipset
chipset,hardware,single_word,1,synthetic,double_consonant,chippset,recovered,yes,please check the chipset now,chippset -> chipset
chipset,hardware,single_word,1,synthetic,respell,chipcet,recovered,yes,please check the chipset now,chipcet -> chipset
heatsink,hardware,single_word,1,canonical,canonical,heatsink,recovered,yes,please check the heatsink now,
heatsink,hardware,single_word,1,synthetic,vowel_swap,hoatsink,recovered,yes,please check the heatsink now,hoatsink -> heatsink
heatsink,hardware,single_word,1,synthetic,consonant_swap,heatsimk,recovered,yes,please check the heatsink now,heatsimk -> heatsink
heatsink,hardware,single_word,1,synthetic,double_consonant,heatssink,recovered,yes,please check the heatsink now,heatssink -> heatsink
heatsink,hardware,single_word,1,synthetic,drop_last,heatsin,recovered,yes,please check the heatsink now,heatsin -> heatsink
heatsink,hardware,single_word,1,synthetic,respell,heatsynk,recovered,yes,please check the heatsink now,heatsynk -> heatsink
heatsink,hardware,single_word,1,synthetic,split_word,hea tsink,recovered,yes,please check the heatsink now,hea tsink -> heatsink
heatsink,hardware,single_word,1,synthetic,vowel_swap,heutsink,recovered,yes,please check the heatsink now,heutsink -> heatsink
heatsink,hardware,single_word,1,synthetic,consonant_swap,heatsing,recovered,yes,please check the heatsink now,heatsing -> heatsink
heatsink,hardware,single_word,1,synthetic,double_consonant,heatsinnk,recovered,yes,please check the heatsink now,heatsinnk -> heatsink
heatsink,hardware,single_word,1,synthetic,respell,heetsink,recovered,yes,please check the heatsink now,heetsink -> heatsink
solid-state drive,hardware,phrase,3,canonical,canonical,solid-state drive,recovered,yes,please check the solid-state drive now,
solid-state drive,hardware,phrase,3,synthetic,vowel_swap,solid stite drive,recovered,yes,please check the solid-state drive now,solid stite drive -> solid-state drive
solid-state drive,hardware,phrase,3,synthetic,consonant_swap,solid state dlive,recovered,yes,please check the solid-state drive now,solid state dlive -> solid-state drive
solid-state drive,hardware,phrase,3,synthetic,double_consonant,solid state drrive,recovered,yes,please check the solid-state drive now,solid state drrive -> solid-state drive
solid-state drive,hardware,phrase,3,synthetic,drop_last,solid stat drive,recovered,yes,please check the solid-state drive now,solid stat drive -> solid-state drive
solid-state drive,hardware,phrase,3,synthetic,respell,solid state dryve,recovered,yes,please check the solid-state drive now,solid state dryve -> solid-state drive
solid-state drive,hardware,phrase,3,synthetic,merge_words,solidstate drive,recovered,yes,please check the solid-state drive now,solidstate drive -> solid-state drive
solid-state drive,hardware,phrase,3,synthetic,swap_words,state solid drive,recovered,yes,please check the solid-state drive now,state solid drive -> solid-state drive
solid-state drive,hardware,phrase,3,synthetic,vowel_swap,solid stato drive,recovered,yes,please check the solid-state drive now,solid stato drive -> solid-state drive
solid-state drive,hardware,phrase,3,synthetic,consonant_swap,solit state drive,recovered,yes,please check the solid-state drive now,solit state drive -> solid-state drive
solid-state drive,hardware,phrase,3,synthetic,double_consonant,sollid state drive,recovered,yes,please check the solid-state drive now,sollid state drive -> solid-state drive
hard disk drive,hardware,phrase,3,canonical,canonical,hard disk drive,recovered,yes,please check the hard disk drive now,
hard disk drive,hardware,phrase,3,synthetic,vowel_swap,hord disk drive,recovered,yes,please check the hard disk drive now,hord disk drive -> hard disk drive
hard disk drive,hardware,phrase,3,synthetic,consonant_swap,hard disk trive,recovered,yes,please check the hard disk drive now,hard disk trive -> hard disk drive
hard disk drive,hardware,phrase,3,synthetic,double_consonant,hard disk drivve,garbled,no,please check the hard disk drive driver now,hard disk -> hard disk drive; drivve -> driver
hard disk drive,hardware,phrase,3,synthetic,drop_last,hard disk driv,garbled,no,please check the hard disk drive driver now,hard disk -> hard disk drive; driv -> driver
hard disk drive,hardware,phrase,3,synthetic,add_suffix,hard diskt drive,recovered,yes,please check the hard disk drive now,hard diskt drive -> hard disk drive
hard disk drive,hardware,phrase,3,synthetic,respell,hard dysk drive,recovered,yes,please check the hard disk drive now,hard dysk drive -> hard disk drive
hard disk drive,hardware,phrase,3,synthetic,merge_words,harddisk drive,missed,no,please check the harddisk drive now,
hard disk drive,hardware,phrase,3,synthetic,swap_words,disk hard drive,recovered,yes,please check the hard disk drive now,disk hard drive -> hard disk drive
hard disk drive,hardware,phrase,3,synthetic,vowel_swap,hard desk drive,recovered,yes,please check the hard disk drive now,hard desk drive -> hard disk drive
hard disk drive,hardware,phrase,3,synthetic,consonant_swap,hard disk drife,recovered,yes,please check the hard disk drive now,hard disk drife -> hard disk drive
random access memory,hardware,phrase,3,canonical,canonical,random access memory,recovered,yes,please check the random access memory now,
random access memory,hardware,phrase,3,synthetic,vowel_swap,rondom access memory,recovered,yes,please check the random access memory now,rondom access memory -> random access memory
random access memory,hardware,phrase,3,synthetic,consonant_swap,landom access memory,missed,no,please check the landom access memory now,
random access memory,hardware,phrase,3,synthetic,double_consonant,ranndom access memory,recovered,yes,please check the random access memory now,ranndom access memory -> random access memory
random access memory,hardware,phrase,3,synthetic,drop_last,rando access memory,recovered,yes,please check the random access memory now,rando access memory -> random access memory
random access memory,hardware,phrase,3,synthetic,respell,random access memori,recovered,yes,please check the random access memory now,random access memori -> random access memory
random access memory,hardware,phrase,3,synthetic,merge_words,randomaccess memory,missed,no,please check the randomaccess memory now,
random access memory,hardware,phrase,3,synthetic,swap_words,random memory access,recovered,yes,please check the random access memory now,random memory access -> random access memory
random access memory,hardware,phrase,3,synthetic,vowel_swap,random eccess memory,recovered,yes,please check the random access memory now,random eccess memory -> random access memory
random access memory,hardware,phrase,3,synthetic,consonant_swap,ramdom access memory,recovered,yes,please check the random access memory now,ramdom access memory -> random access memory
random access memory,hardware,phrase,3,synthetic,double_consonant,randdom access memory,recovered,yes,please check the random access memory now,randdom access memory -> random access memory
UEFI,hardware,acronym,1,canonical,canonical,UEFI,recovered,yes,please check the UEFI now,
UEFI,hardware,acronym,1,spelled,spelled,you ee ef eye,recovered,yes,please check the UEFI now,you ee ef eye -> UEFI
UEFI,hardware,acronym,1,spelled,spelled_alt,ewe e eff aye,recovered,yes,please check the UEFI now,ewe e eff aye -> UEFI
UEFI,hardware,acronym,1,synthetic,vowel_swap,aefi,missed,no,please check the aefi now,
UEFI,hardware,acronym,1,synthetic,consonant_swap,uevi,recovered,yes,please check the UEFI now,uevi -> UEFI
UEFI,hardware,acronym,1,synthetic,double_consonant,ueffi,recovered,yes,please check the UEFI now,ueffi -> UEFI
UEFI,hardware,acronym,1,synthetic,respell,uefy,recovered,yes,please check the UEFI now,uefy -> UEFI
UEFI,hardware,acronym,1,synthetic,vowel_swap,uefo,recovered,yes,please check the UEFI now,uefo -> UEFI
UEFI,hardware,acronym,1,synthetic,vowel_swap,uefe,recovered,yes,please check the UEFI now,uefe -> UEFI
UEFI,hardware,acronym,1,synthetic,vowel_swap,uifi,recovered,yes,please check the UEFI now,uifi -> UEFI
UEFI,hardware,acronym,1,synthetic,vowel_swap,uofi,recovered,yes,please check the UEFI now,uofi -> UEFI
UEFI,hardware,acronym,1,synthetic,vowel_swap,uefa,recovered,yes,please check the UEFI now,uefa -> UEFI
UEFI,hardware,acronym,1,synthetic,vowel_swap,uafi,recovered,yes,please check the UEFI now,uafi -> UEFI
NVMe,hardware,acronym,1,canonical,canonical,NVMe,recovered,yes,please check the NVMe now,
NVMe,hardware,acronym,1,spelled,spelled,en vee em ee,recovered,yes,please check the NVMe now,en vee em ee -> NVMe
NVMe,hardware,acronym,1,spelled,spelled_alt,enn ve emm e,recovered,yes,please check the NVMe now,enn ve emm e -> NVMe
NVMe,hardware,acronym,1,synthetic,vowel_swap,nvmo,recovered,yes,please check the NVMe now,nvmo -> NVMe
NVMe,hardware,acronym,1,synthetic,consonant_swap,nfme,recovered,yes,please check the NVMe now,nfme -> NVMe
NVMe,hardware,acronym,1,synthetic,double_consonant,nvvme,recovered,yes,please check the NVMe now,nvvme -> NVMe
NVMe,hardware,acronym,1,synthetic,vowel_swap,nvmu,recovered,yes,please check the NVMe now,nvmu -> NVMe
NVMe,hardware,acronym,1,synthetic,consonant_swap,mvme,missed,no,please check the mvme now,
NVMe,hardware,acronym,1,synthetic,double_consonant,nvmme,recovered,yes,please check the NVMe now,nvmme -> NVMe
NVMe,hardware,acronym,1,synthetic,vowel_swap,nvmi,recovered,yes,please check the NVMe now,nvmi -> NVMe
NVMe,hardware,acronym,1,synthetic,consonant_swap,nvne,missed,no,please check the nvne now,
NVMe,hardware,acronym,1,synthetic,vowel_swap,nvma,recovered,yes,please check the NVMe now,nvma -> NVMe
SCSI,hardware,acronym,1,canonical,canonical,SCSI,recovered,yes,please check the SCSI now,
SCSI,hardware,acronym,1,spelled,spelled,ess see ess eye,recovered,yes,please check the SCSI now,ess see ess eye -> SCSI
SCSI,hardware,acronym,1,spelled,spelled_alt,es sea es i,recovered,yes,please check the SCSI now,es sea es i -> SCSI
SCSI,hardware,acronym,1,synthetic,vowel_swap,scsa,recovered,yes,please check the SCSI now,scsa -> SCSI
SCSI,hardware,acronym,1,synthetic,consonant_swap,sczi,recovered,yes,please check the SCSI now,sczi -> SCSI
SCSI,hardware,acronym,1,synthetic,double_consonant,scssi,recovered,yes,please check the SCSI now,scssi -> SCSI
SCSI,hardware,acronym,1,synthetic,respell,scsy,recovered,yes,please check the SCSI now,scsy -> SCSI
SCSI,hardware,acronym,1,synthetic,vowel_swap,scse,recovered,yes,please check the SCSI now,scse -> SCSI
SCSI,hardware,acronym,1,synthetic,consonant_swap,zcsi,missed,no,please check the zcsi now,
SCSI,hardware,acronym,1,synthetic,double_consonant,sccsi,recovered,yes,please check the SCSI now,sccsi -> SCSI
SCSI,hardware,acronym,1,synthetic,vowel_swap,scsu,recovered,yes,please check the SCSI now,scsu -> SCSI
SCSI,hardware,acronym,1,synthetic,consonant_swap,sksi,recovered,yes,please check the SCSI now,sksi -> SCSI
SCSI,hardware,acronym,1,synthetic,vowel_swap,scso,recovered,yes,please check the SCSI now,scso -> SCSI
DIMM,hardware,acronym,1,canonical,canonical,DIMM,recovered,yes,please check the DIMM now,
DIMM,hardware,acronym,1,spelled,spelled,dee eye em em,recovered,yes,please check the DIMM now,dee eye em em -> DIMM
DIMM,hardware,acronym,1,spelled,spelled_alt,di aye emm emm,recovered,yes,please check the DIMM now,di aye emm emm -> DIMM
DIMM,hardware,acronym,1,synthetic,vowel_swap,domm,recovered,yes,please check the DIMM now,domm -> DIMM
DIMM,hardware,acronym,1,synthetic,consonant_swap,dinm,missed,no,please check the dinm now,
DIMM,hardware,acronym,1,synthetic,double_consonant,dim,recovered,yes,please check the DIMM now,dim -> DIMM
DIMM,hardware,acronym,1,synthetic,add_suffix,dimmt,recovered,yes,please check the DIMM now,dimmt -> DIMM
DIMM,hardware,acronym,1,synthetic,respell,dymm,recovered,yes,please check the DIMM now,dymm -> DIMM
DIMM,hardware,acronym,1,synthetic,vowel_swap,damm,recovered,yes,please check the DIMM now,damm -> DIMM
DIMM,hardware,acronym,1,synthetic,consonant_swap,timm,missed,no,please check the timm now,
DIMM,hardware,acronym,1,synthetic,add_suffix,dimmd,recovered,yes,please check the DIMM now,dimmd -> DIMM
DIMM,hardware,acronym,1,synthetic,vowel_swap,demm,recovered,yes,please check the DIMM now,demm -> DIMM
DIMM,hardware,acronym,1,synthetic,consonant_swap,dimn,missed,no,please check the dimn now,
ECC memory,hardware,phrase,2,canonical,canonical,ECC memory,recovered,yes,please check the ECC memory now,
ECC memory,hardware,phrase,2,spelled_token,spell_token,ee see see memory,missed,no,please check the ee see see memory now,
ECC memory,hardware,phrase,2,synthetic,vowel_swap,ecc mamory,recovered,yes,please check the ECC memory now,ecc mamory -> ECC memory
ECC memory,hardware,phrase,2,synthetic,consonant_swap,ecc memoly,recovered,yes,please check the ECC memory now,ecc memoly -> ECC memory
ECC memory,hardware,phrase,2,synthetic,double_consonant,ecc memorry,recovered,yes,please check the ECC memory now,ecc memorry -> ECC memory
ECC memory,hardware,phrase,2,synthetic,drop_last,ecc memor,recovered,yes,please check the ECC memory now,ecc memor -> ECC memory
ECC memory,hardware,phrase,2,synthetic,respell,ecc memori,recovered,yes,please check the ECC memory now,ecc memori -> ECC memory
ECC memory,hardware,phrase,2,synthetic,merge_words,eccmemory,recovered,yes,please check the ECC memory now,eccmemory -> ECC memory
ECC memory,hardware,phrase,2,synthetic,swap_words,memory ecc,recovered,yes,please check the ECC memory now,memory ecc -> ECC memory
ECC memory,hardware,phrase,2,synthetic,vowel_swap,ecc mimory,recovered,yes,please check the ECC memory now,ecc mimory -> ECC memory
ECC memory,hardware,phrase,2,synthetic,consonant_swap,ecc nemory,recovered,yes,please check the ECC memory now,ecc nemory -> ECC memory
ECC memory,hardware,phrase,2,synthetic,double_consonant,ecc memmory,recovered,yes,please check the ECC memory now,ecc memmory -> ECC memory
thermal throttling,hardware,phrase,2,canonical,canonical,thermal throttling,recovered,yes,please check the thermal throttling now,
thermal throttling,hardware,phrase,2,synthetic,vowel_swap,thermal thruttling,recovered,yes,please check the thermal throttling now,thermal thruttling -> thermal throttling
thermal throttling,hardware,phrase,2,synthetic,consonant_swap,thelmal throttling,recovered,yes,please check the thermal throttling now,thelmal throttling -> thermal throttling
thermal throttling,hardware,phrase,2,synthetic,double_consonant,thermal throttlinng,recovered,yes,please check the thermal throttling now,thermal throttlinng -> thermal throttling
thermal throttling,hardware,phrase,2,synthetic,drop_last,therma throttling,recovered,yes,please check the thermal throttling now,therma throttling -> thermal throttling
thermal throttling,hardware,phrase,2,synthetic,respell,thermal throttlyng,recovered,yes,please check the thermal throttling now,thermal throttlyng -> thermal throttling
thermal throttling,hardware,phrase,2,synthetic,split_word,ther mal throttling,missed,no,please check the ther mal throttling now,
thermal throttling,hardware,phrase,2,synthetic,merge_words,thermalthrottling,recovered,yes,please check the thermal throttling now,thermalthrottling -> thermal throttling
thermal throttling,hardware,phrase,2,synthetic,swap_words,throttling thermal,recovered,yes,please check the thermal throttling now,throttling thermal -> thermal throttling
thermal throttling,hardware,phrase,2,synthetic,vowel_swap,thermel throttling,recovered,yes,please check the thermal throttling now,thermel throttling -> thermal throttling
thermal throttling,hardware,phrase,2,synthetic,consonant_swap,thermal throttring,recovered,yes,please check the thermal throttling now,thermal throttring -> thermal throttling
power-on self-test,hardware,phrase,4,canonical,canonical,power-on self-test,recovered,yes,please check the power-on self-test now,
power-on self-test,hardware,phrase,4,synthetic,vowel_swap,power on solf test,missed,no,please check the power on solf test now,
power-on self-test,hardware,phrase,4,synthetic,consonant_swap,powel on self test,missed,no,please check the powel on self test now,
power-on self-test,hardware,phrase,4,synthetic,double_consonant,power on self tesst,missed,no,please check the power on self tesst now,
power-on self-test,hardware,phrase,4,synthetic,drop_last,powe on self test,missed,no,please check the powe on self test now,
power-on self-test,hardware,phrase,4,synthetic,add_suffix,power on self testd,missed,no,please check the power on self testd now,
power-on self-test,hardware,phrase,4,synthetic,respell,pouer on self test,missed,no,please check the pouer on self test now,
power-on self-test,hardware,phrase,4,synthetic,merge_words,power on selftest,recovered,yes,please check the power-on self-test now,power on selftest -> power-on self-test
power-on self-test,hardware,phrase,4,synthetic,swap_words,on power self test,garbled,no,please check the on power-on self-test now,power self test -> power-on self-test
power-on self-test,hardware,phrase,4,synthetic,vowel_swap,powar on self test,missed,no,please check the powar on self test now,
power-on self-test,hardware,phrase,4,synthetic,consonant_swap,power on zelf test,missed,no,please check the power on zelf test now,
electrostatic discharge,hardware,phrase,2,canonical,canonical,electrostatic discharge,recovered,yes,please check the electrostatic discharge now,
electrostatic discharge,hardware,phrase,2,synthetic,vowel_swap,electrastatic discharge,recovered,yes,please check the electrostatic discharge now,electrastatic discharge -> electrostatic discharge
electrostatic discharge,hardware,phrase,2,synthetic,consonant_swap,erectrostatic discharge,recovered,yes,please check the electrostatic discharge now,erectrostatic discharge -> electrostatic discharge
electrostatic discharge,hardware,phrase,2,synthetic,double_consonant,ellectrostatic discharge,recovered,yes,please check the electrostatic discharge now,ellectrostatic discharge -> electrostatic discharge
electrostatic discharge,hardware,phrase,2,synthetic,drop_last,electrostatic discharg,recovered,yes,please check the electrostatic discharge now,electrostatic discharg -> electrostatic discharge
electrostatic discharge,hardware,phrase,2,synthetic,respell,electrostatyc discharge,recovered,yes,please check the electrostatic discharge now,electrostatyc discharge -> electrostatic discharge
electrostatic discharge,hardware,phrase,2,synthetic,split_word,electr ostatic discharge,recovered,yes,please check the electrostatic discharge now,electr ostatic discharge -> electrostatic discharge
electrostatic discharge,hardware,phrase,2,synthetic,merge_words,electrostaticdischarge,recovered,yes,please check the electrostatic discharge now,electrostaticdischarge -> electrostatic discharge
electrostatic discharge,hardware,phrase,2,synthetic,swap_words,discharge electrostatic,recovered,yes,please check the electrostatic discharge now,discharge electrostatic -> electrostatic discharge
electrostatic discharge,hardware,phrase,2,synthetic,vowel_swap,eluctrostatic discharge,recovered,yes,please check the electrostatic discharge now,eluctrostatic discharge -> electrostatic discharge
electrostatic discharge,hardware,phrase,2,synthetic,consonant_swap,electrosdatic discharge,recovered,yes,please check the electrostatic discharge now,electrosdatic discharge -> electrostatic discharge
virtual machine,software,phrase,2,canonical,canonical,virtual machine,recovered,yes,please check the virtual machine now,
virtual machine,software,phrase,2,synthetic,vowel_swap,vurtual machine,recovered,yes,please check the virtual machine now,vurtual machine -> virtual machine
virtual machine,software,phrase,2,synthetic,consonant_swap,viltual machine,recovered,yes,please check the virtual machine now,viltual machine -> virtual machine
virtual machine,software,phrase,2,synthetic,double_consonant,virtual machinne,recovered,yes,please check the virtual machine now,virtual machinne -> virtual machine
virtual machine,software,phrase,2,synthetic,drop_last,virtua machine,recovered,yes,please check the virtual machine now,virtua machine -> virtual machine
virtual machine,software,phrase,2,synthetic,respell,vyrtual machine,recovered,yes,please check the virtual machine now,vyrtual machine -> virtual machine
virtual machine,software,phrase,2,synthetic,split_word,vir tual machine,missed,no,please check the vir tual machine now,
virtual machine,software,phrase,2,synthetic,merge_words,virtualmachine,missed,no,please check the virtualmachine now,
virtual machine,software,phrase,2,synthetic,swap_words,machine virtual,missed,no,please check the machine virtual now,
virtual machine,software,phrase,2,synthetic,vowel_swap,virtoal machine,recovered,yes,please check the virtual machine now,virtoal machine -> virtual machine
virtual machine,software,phrase,2,synthetic,consonant_swap,firtual machine,missed,no,please check the firtual machine now,
containerization,software,single_word,1,canonical,canonical,containerization,recovered,yes,please check the containerization now,
containerization,software,single_word,1,synthetic,vowel_swap,cantainerization,recovered,yes,please check the containerization now,cantainerization -> containerization
containerization,software,single_word,1,synthetic,consonant_swap,contaimerization,recovered,yes,please check the containerization now,contaimerization -> containerization
containerization,software,single_word,1,synthetic,double_consonant,conttainerization,recovered,yes,please check the containerization now,conttainerization -> containerization
containerization,software,single_word,1,synthetic,drop_last,containerizatio,recovered,yes,please check the containerization now,containerizatio -> containerization
containerization,software,single_word,1,synthetic,respell,contaynerization,recovered,yes,please check the containerization now,contaynerization -> containerization
containerization,software,single_word,1,synthetic,split_word,containe rization,recovered,yes,please check the containerization now,containe rization -> containerization
containerization,software,single_word,1,synthetic,vowel_swap,contoinerization,recovered,yes,please check the containerization now,contoinerization -> containerization
containerization,software,single_word,1,synthetic,consonant_swap,condainerization,recovered,yes,please check the containerization now,condainerization -> containerization
containerization,software,single_word,1,synthetic,double_consonant,containerizattion,recovered,yes,please check the containerization now,containerizattion -> containerization
containerization,software,single_word,1,synthetic,respell,containeryzation,recovered,yes,please check the containerization now,containeryzation -> containerization
package manager,software,phrase,2,canonical,canonical,package manager,recovered,yes,please check the package manager now,
package manager,software,phrase,2,synthetic,vowel_swap,package monager,recovered,yes,please check the package manager now,package monager -> package manager
package manager,software,phrase,2,synthetic,consonant_swap,backage manager,missed,no,please check the backage manager now,
package manager,software,phrase,2,synthetic,double_consonant,package mannager,recovered,yes,please check the package manager now,package mannager -> package manager
package manager,software,phrase,2,synthetic,drop_last,packag manager,recovered,yes,please check the package manager now,packag manager -> package manager
package manager,software,phrase,2,synthetic,respell,pakage manager,recovered,yes,please check the package manager now,pakage manager -> package manager
package manager,software,phrase,2,synthetic,split_word,pac kage manager,missed,no,please check the pac kage manager now,
package manager,software,phrase,2,synthetic,merge_words,packagemanager,missed,no,please check the packagemanager now,
package manager,software,phrase,2,synthetic,swap_words,manager package,recovered,yes,please check the package manager now,manager package -> package manager
package manager,software,phrase,2,synthetic,vowel_swap,pickage manager,recovered,yes,please check the package manager now,pickage manager -> package manager
package manager,software,phrase,2,synthetic,consonant_swap,package managel,recovered,yes,please check the package manager now,package managel -> package manager
dependency injection,software,phrase,2,canonical,canonical,dependency injection,recovered,yes,please check the dependency injection now,
dependency injection,software,phrase,2,synthetic,vowel_swap,dependency injuction,recovered,yes,please check the dependency injection now,dependency injuction -> dependency injection
dependency injection,software,phrase,2,synthetic,consonant_swap,dependenky injection,recovered,yes,please check the dependency injection now,dependenky injection -> dependency injection
dependency injection,software,phrase,2,synthetic,double_consonant,dependency injjection,recovered,yes,please check the dependency injection now,dependency injjection -> dependency injection
dependency injection,software,phrase,2,synthetic,drop_last,dependenc injection,recovered,yes,please check the dependency injection now,dependenc injection -> dependency injection
dependency injection,software,phrase,2,synthetic,respell,dependenci injection,recovered,yes,please check the dependency injection now,dependenci injection -> dependency injection
dependency injection,software,phrase,2,synthetic,split_word,dependency inje ction,recovered,yes,please check the dependency injection now,dependency inje ction -> dependency injection
dependency injection,software,phrase,2,synthetic,merge_words,dependencyinjection,missed,no,please check the dependencyinjection now,
dependency injection,software,phrase,2,synthetic,swap_words,injection dependency,wrong,no,please check the SQL injection dependency now,injection -> SQL injection
dependency injection,software,phrase,2,synthetic,vowel_swap,dependency injectoon,recovered,yes,please check the dependency injection now,dependency injectoon -> dependency injection
dependency injection,software,phrase,2,synthetic,consonant_swap,depemdency injection,recovered,yes,please check the dependency injection now,depemdency injection -> dependency injection
dependency resolution,software,phrase,2,canonical,canonical,dependency resolution,recovered,yes,please check the dependency resolution now,
dependency resolution,software,phrase,2,synthetic,vowel_swap,dependency resolutiun,recovered,yes,please check the dependency resolution now,dependency resolutiun -> dependency resolution
dependency resolution,software,phrase,2,synthetic,consonant_swap,tependency resolution,missed,no,please check the tependency resolution now,
dependency resolution,software,phrase,2,synthetic,double_consonant,dependenncy resolution,recovered,yes,please check the dependency resolution now,dependenncy resolution -> dependency resolution
dependency resolution,software,phrase,2,synthetic,drop_last,dependenc resolution,recovered,yes,please check the dependency resolution now,dependenc resolution -> dependency resolution
dependency resolution,software,phrase,2,synthetic,respell,dependency resolushun,recovered,yes,please check the dependency resolution now,dependency resolushun -> dependency resolution
dependency resolution,software,phrase,2,synthetic,split_word,depend ency resolution,recovered,yes,please check the dependency resolution now,depend ency resolution -> dependency resolution
dependency resolution,software,phrase,2,synthetic,merge_words,dependencyresolution,missed,no,please check the dependencyresolution now,
dependency resolution,software,phrase,2,synthetic,swap_words,resolution dependency,missed,no,please check the resolution dependency now,
dependency resolution,software,phrase,2,synthetic,vowel_swap,dependency reselution,recovered,yes,please check the dependency resolution now,dependency reselution -> dependency resolution
dependency resolution,software,phrase,2,synthetic,consonant_swap,dependency resoludion,recovered,yes,please check the dependency resolution now,dependency resoludion -> dependency resolution
garbage collection,software,phrase,2,canonical,canonical,garbage collection,recovered,yes,please check the garbage collection now,
garbage collection,software,phrase,2,synthetic,vowel_swap,garbage callection,recovered,yes,please check the garbage collection now,garbage callection -> garbage collection
garbage collection,software,phrase,2,synthetic,consonant_swap,garbage collecdion,recovered,yes,please check the garbage collection now,garbage collecdion -> garbage collection
garbage collection,software,phrase,2,synthetic,double_consonant,garbbage collection,recovered,yes,please check the garbage collection now,garbbage collection -> garbage collection
garbage collection,software,phrase,2,synthetic,drop_last,garbag collection,recovered,yes,please check the garbage collection now,garbag collection -> garbage collection
garbage collection,software,phrase,2,synthetic,respell,garbage collectyon,recovered,yes,please check the garbage collection now,garbage collectyon -> garbage collection
garbage collection,software,phrase,2,synthetic,split_word,garbage coll ection,recovered,yes,please check the garbage collection now,garbage coll ection -> garbage collection
garbage collection,software,phrase,2,synthetic,merge_words,garbagecollection,missed,no,please check the garbagecollection now,
garbage collection,software,phrase,2,synthetic,swap_words,collection garbage,recovered,yes,please check the garbage collection now,collection garbage -> garbage collection
garbage collection,software,phrase,2,synthetic,vowel_swap,garboge collection,recovered,yes,please check the garbage collection now,garboge collection -> garbage collection
garbage collection,software,phrase,2,synthetic,consonant_swap,garbage corlection,missed,no,please check the garbage corlection now,
stack overflow,software,phrase,2,canonical,canonical,stack overflow,recovered,yes,please check the stack overflow now,
stack overflow,software,phrase,2,synthetic,vowel_swap,stack overfluw,recovered,yes,please check the stack overflow now,stack overfluw -> stack overflow
stack overflow,software,phrase,2,synthetic,consonant_swap,stack oferflow,recovered,yes,please check the stack overflow now,stack oferflow -> stack overflow
stack overflow,software,phrase,2,synthetic,double_consonant,stack overfllow,recovered,yes,please check the stack overflow now,stack overfllow -> stack overflow
stack overflow,software,phrase,2,synthetic,drop_last,stack overflo,recovered,yes,please check the stack overflow now,stack overflo -> stack overflow
stack overflow,software,phrase,2,synthetic,respell,stack overflou,recovered,yes,please check the stack overflow now,stack overflou -> stack overflow
stack overflow,software,phrase,2,synthetic,split_word,stack ove rflow,recovered,yes,please check the stack overflow now,stack ove rflow -> stack overflow
stack overflow,software,phrase,2,synthetic,merge_words,stackoverflow,missed,no,please check the stackoverflow now,
stack overflow,software,phrase,2,synthetic,swap_words,overflow stack,missed,no,please check the overflow stack now,
stack overflow,software,phrase,2,synthetic,vowel_swap,stack ovorflow,recovered,yes,please check the stack overflow now,stack ovorflow -> stack overflow
stack overflow,software,phrase,2,synthetic,consonant_swap,stack overvlow,recovered,yes,please check the stack overflow now,stack overvlow -> stack overflow
buffer overflow,software,phrase,2,canonical,canonical,buffer overflow,recovered,yes,please check the buffer overflow now,
buffer overflow,software,phrase,2,synthetic,vowel_swap,buffer iverflow,recovered,yes,please check the buffer overflow now,buffer iverflow -> buffer overflow
buffer overflow,software,phrase,2,synthetic,consonant_swap,bufver overflow,recovered,yes,please check the buffer overflow now,bufver overflow -> buffer overflow
buffer overflow,software,phrase,2,synthetic,double_consonant,buffer overfflow,recovered,yes,please check the buffer overflow now,buffer overfflow -> buffer overflow
buffer overflow,software,phrase,2,synthetic,drop_last,buffer overflo,recovered,yes,please check the buffer overflow now,buffer overflo -> buffer overflow
buffer overflow,software,phrase,2,synthetic,respell,buffer overflou,recovered,yes,please check the buffer overflow now,buffer overflou -> buffer overflow
buffer overflow,software,phrase,2,synthetic,split_word,buffer over flow,garbled,no,please check the buffer overflow flow now,buffer over -> buffer overflow
buffer overflow,software,phrase,2,synthetic,merge_words,bufferoverflow,recovered,yes,please check the buffer overflow now,bufferoverflow -> buffer overflow
buffer overflow,software,phrase,2,synthetic,swap_words,overflow buffer,missed,no,please check the overflow buffer now,
buffer overflow,software,phrase,2,synthetic,vowel_swap,buffer overflew,recovered,yes,please check the buffer overflow now,buffer overflew -> buffer overflow
buffer overflow,software,phrase,2,synthetic,consonant_swap,buffer overfrow,recovered,yes,please check the buffer overflow now,buffer overfrow -> buffer overflow
segmentation fault,software,phrase,2,canonical,canonical,segmentation fault,recovered,yes,please check the segmentation fault now,
segmentation fault,software,phrase,2,synthetic,vowel_swap,segmentation foult,recovered,yes,please check the segmentation fault now,segmentation foult -> segmentation fault
segmentation fault,software,phrase,2,synthetic,consonant_swap,zegmentation fault,recovered,yes,please check the segmentation fault now,zegmentation fault -> segmentation fault
segmentation fault,software,phrase,2,synthetic,double_consonant,segmentattion fault,recovered,yes,please check the segmentation fault now,segmentattion fault -> segmentation fault
segmentation fault,software,phrase,2,synthetic,drop_last,segmentation faul,recovered,yes,please check the segmentation fault now,segmentation faul -> segmentation fault
segmentation fault,software,phrase,2,synthetic,respell,segmentatyon fault,recovered,yes,please check the segmentation fault now,segmentatyon fault -> segmentation fault
segmentation fault,software,phrase,2,synthetic,split_word,segment ation fault,missed,no,please check the segment ation fault now,
segmentation fault,software,phrase,2,synthetic,merge_words,segmentationfault,missed,no,please check the segmentationfault now,
segmentation fault,software,phrase,2,synthetic,swap_words,fault segmentation,recovered,yes,please check the segmentation fault now,fault segmentation -> segmentation fault
segmentation fault,software,phrase,2,synthetic,vowel_swap,segmentateon fault,recovered,yes,please check the segmentation fault now,segmentateon fault -> segmentation fault
segmentation fault,software,phrase,2,synthetic,consonant_swap,segmentation faurt,recovered,yes,please check the segmentation fault now,segmentation faurt -> segmentation fault
kernel panic,software,phrase,2,canonical,canonical,kernel panic,recovered,yes,please check the kernel panic now,
kernel panic,software,phrase,2,synthetic,vowel_swap,kernul panic,recovered,yes,please check the kernel panic now,kernul panic -> kernel panic
kernel panic,software,phrase,2,synthetic,consonant_swap,kernel pamic,missed,no,please check the kernel pamic now,
kernel panic,software,phrase,2,synthetic,double_consonant,kernnel panic,recovered,yes,please check the kernel panic now,kernnel -> kernel
kernel panic,software,phrase,2,synthetic,drop_last,kernel pani,missed,no,please check the kernel pani now,
kernel panic,software,phrase,2,synthetic,respell,kernel panyc,missed,no,please check the kernel panyc now,
kernel panic,software,phrase,2,synthetic,merge_words,kernelpanic,recovered,yes,please check the kernel panic now,kernelpanic -> kernel panic
kernel panic,software,phrase,2,synthetic,swap_words,panic kernel,missed,no,please check the panic kernel now,
kernel panic,software,phrase,2,synthetic,vowel_swap,kernil panic,recovered,yes,please check the kernel panic now,kernil panic -> kernel panic
kernel panic,software,phrase,2,synthetic,consonant_swap,gernel panic,recovered,yes,please check the kernel panic now,gernel panic -> kernel panic
kernel panic,software,phrase,2,synthetic,double_consonant,kernel pannic,missed,no,please check the kernel pannic now,
system call,software,phrase,2,canonical,canonical,system call,recovered,yes,please check the system call now,
system call,software,phrase,2,synthetic,vowel_swap,systom call,recovered,yes,please check the system call now,systom call -> system call
system call,software,phrase,2,synthetic,consonant_swap,system calr,recovered,yes,please check the system call now,system calr -> system call
system call,software,phrase,2,synthetic,double_consonant,systtem call,recovered,yes,please check the system call now,systtem call -> system call
system call,software,phrase,2,synthetic,drop_last,syste call,recovered,yes,please check the system call now,syste call -> system call
system call,software,phrase,2,synthetic,add_suffix,system calld,recovered,yes,please check the system call now,system calld -> system call
system call,software,phrase,2,synthetic,respell,sistem call,recovered,yes,please check the system call now,sistem call -> system call
system call,software,phrase,2,synthetic,merge_words,systemcall,missed,no,please check the systemcall now,
system call,software,phrase,2,synthetic,swap_words,call system,missed,no,please check the call system now,
system call,software,phrase,2,synthetic,vowel_swap,systam call,recovered,yes,please check the system call now,systam call -> system call
system call,software,phrase,2,synthetic,consonant_swap,system kall,recovered,yes,please check the system call now,system kall -> system call
command-line interface,software,phrase,3,canonical,canonical,command-line interface,recovered,yes,please check the command-line interface now,
command-line interface,software,phrase,3,synthetic,vowel_swap,command line onterface,missed,no,please check the command line onterface now,
command-line interface,software,phrase,3,synthetic,consonant_swap,command line inderface,recovered,yes,please check the command-line interface now,command line inderface -> command-line interface
command-line interface,software,phrase,3,synthetic,double_consonant,command line innterface,recovered,yes,please check the command-line interface now,command line innterface -> command-line interface
command-line interface,software,phrase,3,synthetic,drop_last,command line interfac,recovered,yes,please check the command-line interface now,command line interfac -> command-line interface
command-line interface,software,phrase,3,synthetic,respell,command lyne interface,recovered,yes,please check the command-line interface now,command lyne interface -> command-line interface
command-line interface,software,phrase,3,synthetic,split_word,command line inte rface,recovered,yes,please check the command-line interface now,command line inte rface -> command-line interface
command-line interface,software,phrase,3,synthetic,merge_words,commandline interface,recovered,yes,please check the command-line interface now,commandline interface -> command-line interface
command-line interface,software,phrase,3,synthetic,swap_words,line command interface,garbled,no,please check the line command-line interface now,command interface -> command-line interface
command-line interface,software,phrase,3,synthetic,vowel_swap,command line intirface,recovered,yes,please check the command-line interface now,command line intirface -> command-line interface
command-line interface,software,phrase,3,synthetic,consonant_swap,command lime interface,recovered,yes,please check the command-line interface now,command lime interface -> command-line interface
graphical user interface,software,phrase,3,canonical,canonical,graphical user interface,recovered,yes,please check the graphical user interface now,
graphical user interface,software,phrase,3,synthetic,vowel_swap,graphical user interfice,recovered,yes,please check the graphical user interface now,graphical user interfice -> graphical user interface
graphical user interface,software,phrase,3,synthetic,consonant_swap,glaphical user interface,recovered,yes,please check the graphical user interface now,glaphical user interface -> graphical user interface
graphical user interface,software,phrase,3,synthetic,double_consonant,graphiccal user interface,recovered,yes,please check the graphical user interface now,graphiccal user interface -> graphical user interface
graphical user interface,software,phrase,3,synthetic,drop_last,graphical user interfac,recovered,yes,please check the graphical user interface now,graphical user interfac -> graphical user interface
graphical user interface,software,phrase,3,synthetic,add_suffix,graphical usert interface,recovered,yes,please check the graphical user interface now,graphical usert interface -> graphical user interface
graphical user interface,software,phrase,3,synthetic,respell,grafical user interface,recovered,yes,please check the graphical user interface now,grafical user interface -> graphical user interface
graphical user interface,software,phrase,3,synthetic,split_word,grap hical user interface,recovered,yes,please check the graphical user interface now,grap hical user interface -> graphical user interface
graphical user interface,software,phrase,3,synthetic,merge_words,graphicaluser interface,recovered,yes,please check the graphical user interface now,graphicaluser interface -> graphical user interface
graphical user interface,software,phrase,3,synthetic,swap_words,graphical interface user,recovered,yes,please check the graphical user interface now,graphical interface user -> graphical user interface
graphical user interface,software,phrase,3,synthetic,vowel_swap,graphical usur interface,recovered,yes,please check the graphical user interface now,graphical usur interface -> graphical user interface
runtime environment,software,phrase,2,canonical,canonical,runtime environment,recovered,yes,please check the runtime environment now,
runtime environment,software,phrase,2,synthetic,vowel_swap,runteme environment,recovered,yes,please check the runtime environment now,runteme environment -> runtime environment
runtime environment,software,phrase,2,synthetic,consonant_swap,runtine environment,recovered,yes,please check the runtime environment now,runtine environment -> runtime environment
runtime environment,software,phrase,2,synthetic,double_consonant,runtime envvironment,recovered,yes,please check the runtime environment now,runtime envvironment -> runtime environment
runtime environment,software,phrase,2,synthetic,drop_last,runtime environmen,recovered,yes,please check the runtime environment now,runtime environmen -> runtime environment
runtime environment,software,phrase,2,synthetic,respell,runtime envyronment,recovered,yes,please check the runtime environment now,runtime envyronment -> runtime environment
runtime environment,software,phrase,2,synthetic,split_word,runtime envir onment,recovered,yes,please check the runtime environment now,runtime envir onment -> runtime environment
runtime environment,software,phrase,2,synthetic,merge_words,runtimeenvironment,missed,no,please check the runtimeenvironment now,
runtime environment,software,phrase,2,synthetic,swap_words,environment runtime,recovered,yes,please check the runtime environment now,environment runtime -> runtime environment
runtime environment,software,phrase,2,synthetic,vowel_swap,runtime enveronment,recovered,yes,please check the runtime environment now,runtime enveronment -> runtime environment
runtime environment,software,phrase,2,synthetic,consonant_swap,runtime enviromment,recovered,yes,please check the runtime environment now,runtime enviromment -> runtime environment
virtual environment,software,phrase,2,canonical,canonical,virtual environment,recovered,yes,please check the virtual environment now,
virtual environment,software,phrase,2,synthetic,vowel_swap,virtual unvironment,missed,no,please check the virtual unvironment now,
virtual environment,software,phrase,2,synthetic,consonant_swap,virtual enfironment,recovered,yes,please check the virtual environment now,virtual enfironment -> virtual environment
virtual environment,software,phrase,2,synthetic,double_consonant,virtual environnment,recovered,yes,please check the virtual environment now,virtual environnment -> virtual environment
virtual environment,software,phrase,2,synthetic,drop_last,virtual environmen,recovered,yes,please check the virtual environment now,virtual environmen -> virtual environment
virtual environment,software,phrase,2,synthetic,respell,vyrtual environment,recovered,yes,please check the virtual environment now,vyrtual environment -> virtual environment
virtual environment,software,phrase,2,synthetic,split_word,virtual envir onment,recovered,yes,please check the virtual environment now,virtual envir onment -> virtual environment
virtual environment,software,phrase,2,synthetic,merge_words,virtualenvironment,missed,no,please check the virtualenvironment now,
virtual environment,software,phrase,2,synthetic,swap_words,environment virtual,recovered,yes,please check the virtual environment now,environment virtual -> virtual environment
virtual environment,software,phrase,2,synthetic,vowel_swap,virtual envirunment,recovered,yes,please check the virtual environment now,virtual envirunment -> virtual environment
virtual environment,software,phrase,2,synthetic,consonant_swap,virdual environment,recovered,yes,please check the virtual environment now,virdual environment -> virtual environment
package repository,software,phrase,2,canonical,canonical,package repository,recovered,yes,please check the package repository now,
package repository,software,phrase,2,synthetic,vowel_swap,peckage repository,recovered,yes,please check the package repository now,peckage repository -> package repository
package repository,software,phrase,2,synthetic,consonant_swap,packake repository,recovered,yes,please check the package repository now,packake repository -> package repository
package repository,software,phrase,2,synthetic,double_consonant,package reposittory,recovered,yes,please check the package repository now,package reposittory -> package repository
package repository,software,phrase,2,synthetic,drop_last,packag repository,recovered,yes,please check the package repository now,packag repository -> package repository
package repository,software,phrase,2,synthetic,respell,pakage repository,recovered,yes,please check the package repository now,pakage repository -> package repository
package repository,software,phrase,2,synthetic,split_word,pac kage repository,garbled,no,please check the pac package repository now,kage repository -> package repository
package repository,software,phrase,2,synthetic,merge_words,packagerepository,recovered,yes,please check the package repository now,packagerepository -> package repository
package repository,software,phrase,2,synthetic,swap_words,repository package,recovered,yes,please check the package repository now,repository package -> package repository
package repository,software,phrase,2,synthetic,vowel_swap,packuge repository,recovered,yes,please check the package repository now,packuge repository -> package repository
package repository,software,phrase,2,synthetic,consonant_swap,package repositoly,recovered,yes,please check the package repository now,package repositoly -> package repository
version control system,software,phrase,3,canonical,canonical,version control system,recovered,yes,please check the version control system now,
version control system,software,phrase,3,synthetic,vowel_swap,version control systom,recovered,yes,please check the version control system now,version control systom -> version control system
version control system,software,phrase,3,synthetic,consonant_swap,version control systen,recovered,yes,please check the version control system now,version control systen -> version control system
version control system,software,phrase,3,synthetic,double_consonant,version control sysstem,recovered,yes,please check the version control system now,version control sysstem -> version control system
version control system,software,phrase,3,synthetic,drop_last,versio control system,recovered,yes,please check the version control system now,versio control system -> version control system
version control system,software,phrase,3,synthetic,respell,vershun control system,recovered,yes,please check the version control system now,vershun control system -> version control system
version control system,software,phrase,3,synthetic,split_word,version con trol system,recovered,yes,please check the version control system now,version con trol system -> version control system
version control system,software,phrase,3,synthetic,merge_words,version controlsystem,recovered,yes,please check the version control system now,version controlsystem -> version control system
version control system,software,phrase,3,synthetic,swap_words,control version system,recovered,yes,please check the version control system now,control version system -> version control system
version control system,software,phrase,3,synthetic,vowel_swap,version cantrol system,recovered,yes,please check the version control system now,version cantrol system -> version control system
version control system,software,phrase,3,synthetic,consonant_swap,fersion control system,recovered,yes,please check the version control system now,fersion control system -> version control system
source control,software,phrase,2,canonical,canonical,source control,recovered,yes,please check the source control now,
source control,software,phrase,2,synthetic,vowel_swap,source cintrol,recovered,yes,please check the source control now,source cintrol -> source control
source control,software,phrase,2,synthetic,consonant_swap,source contror,recovered,yes,please check the source control now,source contror -> source control
source control,software,phrase,2,synthetic,double_consonant,source contrrol,recovered,yes,please check the source control now,source contrrol -> source control
source control,software,phrase,2,synthetic,drop_last,source contro,recovered,yes,please check the source control now,source contro -> source control
source control,software,phrase,2,synthetic,respell,sourse control,recovered,yes,please check the source control now,sourse control -> source control
source control,software,phrase,2,synthetic,split_word,source cont rol,recovered,yes,please check the source control now,source cont rol -> source control
source control,software,phrase,2,synthetic,merge_words,sourcecontrol,missed,no,please check the sourcecontrol now,
source control,software,phrase,2,synthetic,swap_words,control source,missed,no,please check the control source now,
source control,software,phrase,2,synthetic,vowel_swap,sourci control,recovered,yes,please check the source control now,sourci control -> source control
source control,software,phrase,2,synthetic,consonant_swap,soulce control,recovered,yes,please check the source control now,soulce control -> source control
continuous integration,software,phrase,2,canonical,canonical,continuous integration,recovered,yes,please check the continuous integration now,
continuous integration,software,phrase,2,synthetic,vowel_swap,continuius integration,recovered,yes,please check the continuous integration now,continuius integration -> continuous integration
continuous integration,software,phrase,2,synthetic,consonant_swap,continuous integlation,recovered,yes,please check the continuous integration now,continuous integlation -> continuous integration
continuous integration,software,phrase,2,synthetic,double_consonant,continuous inttegration,recovered,yes,please check the continuous integration now,continuous inttegration -> continuous integration
continuous integration,software,phrase,2,synthetic,drop_last,continuous integratio,recovered,yes,please check the continuous integration now,continuous integratio -> continuous integration
continuous integration,software,phrase,2,synthetic,respell,continuous integrashun,recovered,yes,please check the continuous integration now,continuous integrashun -> continuous integration
continuous integration,software,phrase,2,synthetic,split_word,conti nuous integration,recovered,yes,please check the continuous integration now,conti nuous integration -> continuous integration
continuous integration,software,phrase,2,synthetic,merge_words,continuousintegration,recovered,yes,please check the continuous integration now,continuousintegration -> continuous integration
continuous integration,software,phrase,2,synthetic,swap_words,integration continuous,recovered,yes,please check the continuous integration now,integration continuous -> continuous integration
continuous integration,software,phrase,2,synthetic,vowel_swap,continuuus integration,recovered,yes,please check the continuous integration now,continuuus integration -> continuous integration
continuous integration,software,phrase,2,synthetic,consonant_swap,condinuous integration,recovered,yes,please check the continuous integration now,condinuous integration -> continuous integration
continuous deployment,software,phrase,2,canonical,canonical,continuous deployment,recovered,yes,please check the continuous deployment now,
continuous deployment,software,phrase,2,synthetic,vowel_swap,continuoos deployment,recovered,yes,please check the continuous deployment now,continuoos deployment -> continuous deployment
continuous deployment,software,phrase,2,synthetic,consonant_swap,condinuous deployment,recovered,yes,please check the continuous deployment now,condinuous deployment -> continuous deployment
continuous deployment,software,phrase,2,synthetic,double_consonant,continuous deploymennt,recovered,yes,please check the continuous deployment now,continuous deploymennt -> continuous deployment
continuous deployment,software,phrase,2,synthetic,drop_last,continuou deployment,recovered,yes,please check the continuous deployment now,continuou deployment -> continuous deployment
continuous deployment,software,phrase,2,synthetic,respell,contynuous deployment,recovered,yes,please check the continuous deployment now,contynuous deployment -> continuous deployment
continuous deployment,software,phrase,2,synthetic,split_word,conti nuous deployment,recovered,yes,please check the continuous deployment now,conti nuous deployment -> continuous deployment
continuous deployment,software,phrase,2,synthetic,merge_words,continuousdeployment,recovered,yes,please check the continuous deployment now,continuousdeployment -> continuous deployment
continuous deployment,software,phrase,2,synthetic,swap_words,deployment continuous,missed,no,please check the deployment continuous now,
continuous deployment,software,phrase,2,synthetic,vowel_swap,cintinuous deployment,recovered,yes,please check the continuous deployment now,cintinuous deployment -> continuous deployment
continuous deployment,software,phrase,2,synthetic,consonant_swap,continuous deploymemt,recovered,yes,please check the continuous deployment now,continuous deploymemt -> continuous deployment
infrastructure as code,software,phrase,3,canonical,canonical,infrastructure as code,recovered,yes,please check the infrastructure as code now,
infrastructure as code,software,phrase,3,synthetic,vowel_swap,infrastructuro as code,recovered,yes,please check the infrastructure as code now,infrastructuro as code -> infrastructure as code
infrastructure as code,software,phrase,3,synthetic,consonant_swap,invrastructure as code,recovered,yes,please check the infrastructure as code now,invrastructure as code -> infrastructure as code
infrastructure as code,software,phrase,3,synthetic,double_consonant,infrrastructure as code,recovered,yes,please check the infrastructure as code now,infrrastructure as code -> infrastructure as code
infrastructure as code,software,phrase,3,synthetic,drop_last,infrastructur as code,recovered,yes,please check the infrastructure as code now,infrastructur as code -> infrastructure as code
infrastructure as code,software,phrase,3,synthetic,respell,ynfrastructure as code,recovered,yes,please check the infrastructure as code now,ynfrastructure as code -> infrastructure as code
infrastructure as code,software,phrase,3,synthetic,split_word,infras tructure as code,recovered,yes,please check the infrastructure as code now,infras tructure as code -> infrastructure as code
infrastructure as code,software,phrase,3,synthetic,merge_words,infrastructureas code,recovered,yes,please check the infrastructure as code now,infrastructureas code -> infrastructure as code
infrastructure as code,software,phrase,3,synthetic,swap_words,as infrastructure code,recovered,yes,please check the infrastructure as code now,as infrastructure code -> infrastructure as code
infrastructure as code,software,phrase,3,synthetic,drop_filler,infrastructure code,recovered,yes,please check the infrastructure as code now,infrastructure code -> infrastructure as code
infrastructure as code,software,phrase,3,synthetic,vowel_swap,infrastructire as code,recovered,yes,please check the infrastructure as code now,infrastructire as code -> infrastructure as code
container image,software,phrase,2,canonical,canonical,container image,recovered,yes,please check the container image now,
container image,software,phrase,2,synthetic,vowel_swap,centainer image,recovered,yes,please check the container image now,centainer image -> container image
container image,software,phrase,2,synthetic,consonant_swap,container imake,missed,no,please check the container imake now,
container image,software,phrase,2,synthetic,double_consonant,conttainer image,recovered,yes,please check the container image now,conttainer image -> container image
container image,software,phrase,2,synthetic,drop_last,containe image,recovered,yes,please check the container image now,containe image -> container image
container image,software,phrase,2,synthetic,respell,contayner image,recovered,yes,please check the container image now,contayner image -> container image
container image,software,phrase,2,synthetic,split_word,cont ainer image,recovered,yes,please check the container image now,cont ainer -> container
container image,software,phrase,2,synthetic,merge_words,containerimage,wrong,no,please check the container now,containerimage -> container
container image,software,phrase,2,synthetic,swap_words,image container,missed,no,please check the image container now,
container image,software,phrase,2,synthetic,vowel_swap,container emage,missed,no,please check the container emage now,
container image,software,phrase,2,synthetic,consonant_swap,comtainer image,recovered,yes,please check the container image now,comtainer image -> container image
container registry,software,phrase,2,canonical,canonical,container registry,recovered,yes,please check the container registry now,
container registry,software,phrase,2,synthetic,vowel_swap,centainer registry,recovered,yes,please check the container registry now,centainer -> container
container registry,software,phrase,2,synthetic,consonant_swap,container registly,missed,no,please check the container registly now,
container registry,software,phrase,2,synthetic,double_consonant,container regisstry,missed,no,please check the container regisstry now,
container registry,software,phrase,2,synthetic,drop_last,container registr,missed,no,please check the container registr now,
container registry,software,phrase,2,synthetic,respell,container registri,missed,no,please check the container registri now,
container registry,software,phrase,2,synthetic,split_word,container regi stry,missed,no,please check the container regi stry now,
container registry,software,phrase,2,synthetic,merge_words,containerregistry,recovered,yes,please check the container registry now,containerregistry -> container registry
container registry,software,phrase,2,synthetic,swap_words,registry container,missed,no,please check the registry container now,
container registry,software,phrase,2,synthetic,vowel_swap,contiiner registry,recovered,yes,please check the container registry now,contiiner registry -> container registry
container registry,software,phrase,2,synthetic,consonant_swap,container legistry,missed,no,please check the container legistry now,
orchestration,software,single_word,1,canonical,canonical,orchestration,recovered,yes,please check the orchestration now,
orchestration,software,single_word,1,synthetic,vowel_swap,erchestration,recovered,yes,please check the orchestration now,erchestration -> orchestration
orchestration,software,single_word,1,synthetic,consonant_swap,orkhestration,recovered,yes,please check the orchestration now,orkhestration -> orchestration
orchestration,software,single_word,1,synthetic,double_consonant,orchesttration,recovered,yes,please check the orchestration now,orchesttration -> orchestration
orchestration,software,single_word,1,synthetic,drop_last,orchestratio,recovered,yes,please check the orchestration now,orchestratio -> orchestration
orchestration,software,single_word,1,synthetic,respell,orchestrashun,recovered,yes,please check the orchestration now,orchestrashun -> orchestration
orchestration,software,single_word,1,synthetic,split_word,orches tration,recovered,yes,please check the orchestration now,orches tration -> orchestration
orchestration,software,single_word,1,synthetic,vowel_swap,orchestrition,recovered,yes,please check the orchestration now,orchestrition -> orchestration
orchestration,software,single_word,1,synthetic,consonant_swap,orchestratiom,garbled,no,please check the orchestration,orchestratiom now -> orchestration
orchestration,software,single_word,1,synthetic,double_consonant,orcchestration,recovered,yes,please check the orchestration now,orcchestration -> orchestration
orchestration,software,single_word,1,synthetic,respell,orchestratyon,recovered,yes,please check the orchestration now,orchestratyon -> orchestration
Dockerfile,software,single_word,1,canonical,canonical,Dockerfile,recovered,yes,please check the Dockerfile now,
Dockerfile,software,single_word,1,synthetic,vowel_swap,dockerfilo,recovered,yes,please check the Dockerfile now,dockerfilo -> Dockerfile
Dockerfile,software,single_word,1,synthetic,consonant_swap,dockervile,recovered,yes,please check the Dockerfile now,dockervile -> Dockerfile
Dockerfile,software,single_word,1,synthetic,double_consonant,dockkerfile,recovered,yes,please check the Dockerfile now,dockkerfile -> Dockerfile
Dockerfile,software,single_word,1,synthetic,drop_last,dockerfil,recovered,yes,please check the Dockerfile now,dockerfil -> Dockerfile
Dockerfile,software,single_word,1,synthetic,respell,dokerfile,recovered,yes,please check the Dockerfile now,dokerfile -> Dockerfile
Dockerfile,software,single_word,1,synthetic,split_word,dock erfile,recovered,yes,please check the Dockerfile now,dock erfile -> Dockerfile
Dockerfile,software,single_word,1,synthetic,vowel_swap,dackerfile,recovered,yes,please check the Dockerfile now,dackerfile -> Dockerfile
Dockerfile,software,single_word,1,synthetic,consonant_swap,tockerfile,recovered,yes,please check the Dockerfile now,tockerfile -> Dockerfile
Dockerfile,software,single_word,1,synthetic,double_consonant,dockerrfile,recovered,yes,please check the Dockerfile now,dockerrfile -> Dockerfile
Dockerfile,software,single_word,1,synthetic,respell,dockerfyle,recovered,yes,please check the Dockerfile now,dockerfyle -> Dockerfile
microservice,software,single_word,1,canonical,canonical,microservice,recovered,yes,please check the microservice now,
microservice,software,single_word,1,synthetic,vowel_swap,microsarvice,recovered,yes,please check the microservice now,microsarvice -> microservice
microservice,software,single_word,1,synthetic,consonant_swap,microservike,recovered,yes,please check the microservice now,microservike -> microservice
microservice,software,single_word,1,synthetic,double_consonant,microservvice,recovered,yes,please check the microservice now,microservvice -> microservice
microservice,software,single_word,1,synthetic,drop_last,microservic,recovered,yes,please check the microservice now,microservic -> microservice
microservice,software,single_word,1,synthetic,respell,mycroservice,recovered,yes,please check the microservice now,mycroservice -> microservice
microservice,software,single_word,1,synthetic,split_word,micro service,recovered,yes,please check the microservice now,micro service -> microservice
microservice,software,single_word,1,synthetic,vowel_swap,micreservice,recovered,yes,please check the microservice now,micreservice -> microservice
microservice,software,single_word,1,synthetic,consonant_swap,microselvice,recovered,yes,please check the microservice now,microselvice -> microservice
microservice,software,single_word,1,synthetic,double_consonant,microservicce,recovered,yes,please check the microservice now,microservicce -> microservice
microservice,software,single_word,1,synthetic,respell,microservyce,recovered,yes,please check the microservice now,microservyce -> microservice
service mesh,software,phrase,2,canonical,canonical,service mesh,recovered,yes,please check the service mesh now,
service mesh,software,phrase,2,synthetic,vowel_swap,servica mesh,recovered,yes,please check the service mesh now,servica mesh -> service mesh
service mesh,software,phrase,2,synthetic,consonant_swap,service mezh,recovered,yes,please check the service mesh now,service mezh -> service mesh
service mesh,software,phrase,2,synthetic,double_consonant,service messh,recovered,yes,please check the service mesh now,service messh -> service mesh
service mesh,software,phrase,2,synthetic,drop_last,servic mesh,recovered,yes,please check the service mesh now,servic mesh -> service mesh
service mesh,software,phrase,2,synthetic,add_suffix,service meshd,recovered,yes,please check the service mesh now,service meshd -> service mesh
service mesh,software,phrase,2,synthetic,respell,servyce mesh,recovered,yes,please check the service mesh now,servyce mesh -> service mesh
service mesh,software,phrase,2,synthetic,split_word,serv ice mesh,wrong,no,please check the server ice mesh now,serv -> server
service mesh,software,phrase,2,synthetic,merge_words,servicemesh,missed,no,please check the servicemesh now,
service mesh,software,phrase,2,synthetic,swap_words,mesh service,recovered,yes,please check the service mesh now,mesh service -> service mesh
service mesh,software,phrase,2,synthetic,vowel_swap,servico mesh,recovered,yes,please check the service mesh now,servico mesh -> service mesh
reverse proxy,networking,phrase,2,canonical,canonical,reverse proxy,recovered,yes,please check the reverse proxy now,
reverse proxy,networking,phrase,2,synthetic,vowel_swap,reverso proxy,missed,no,please check the reverso proxy now,
reverse proxy,networking,phrase,2,synthetic,consonant_swap,reverse ploxy,recovered,yes,please check the reverse proxy now,reverse ploxy -> reverse proxy
reverse proxy,networking,phrase,2,synthetic,double_consonant,reverse prroxy,recovered,yes,please check the reverse proxy now,reverse prroxy -> reverse proxy
reverse proxy,networking,phrase,2,synthetic,drop_last,revers proxy,missed,no,please check the revers proxy now,
reverse proxy,networking,phrase,2,synthetic,respell,reverce proxy,missed,no,please check the reverce proxy now,
reverse proxy,networking,phrase,2,synthetic,split_word,reve rse proxy,missed,no,please check the reve rse proxy now,
reverse proxy,networking,phrase,2,synthetic,merge_words,reverseproxy,missed,no,please check the reverseproxy now,
reverse proxy,networking,phrase,2,synthetic,swap_words,proxy reverse,missed,no,please check the proxy reverse now,
reverse proxy,networking,phrase,2,synthetic,vowel_swap,reversi proxy,missed,no,please check the reversi proxy now,
reverse proxy,networking,phrase,2,synthetic,consonant_swap,referse proxy,missed,no,please check the referse proxy now,
application gateway,networking,phrase,2,canonical,canonical,application gateway,recovered,yes,please check the application gateway now,
application gateway,networking,phrase,2,synthetic,vowel_swap,opplication gateway,missed,no,please check the opplication gateway now,
application gateway,networking,phrase,2,synthetic,consonant_swap,apblication gateway,missed,no,please check the apblication gateway now,
application gateway,networking,phrase,2,synthetic,double_consonant,application gatteway,recovered,yes,please check the application gateway now,application gatteway -> application gateway
application gateway,networking,phrase,2,synthetic,drop_last,applicatio gateway,missed,no,please check the applicatio gateway now,
application gateway,networking,phrase,2,synthetic,respell,applicashun gateway,missed,no,please check the applicashun gateway now,
application gateway,networking,phrase,2,synthetic,split_word,appl ication gateway,missed,no,please check the appl ication gateway now,
application gateway,networking,phrase,2,synthetic,merge_words,applicationgateway,recovered,yes,please check the application gateway now,applicationgateway -> application gateway
application gateway,networking,phrase,2,synthetic,swap_words,gateway application,missed,no,please check the gateway application now,
application gateway,networking,phrase,2,synthetic,vowel_swap,application gatewoy,recovered,yes,please check the application gateway now,application gatewoy -> application gateway
application gateway,networking,phrase,2,synthetic,consonant_swap,apprication gateway,missed,no,please check the apprication gateway now,
default gateway,networking,phrase,2,canonical,canonical,default gateway,recovered,yes,please check the default gateway now,
default gateway,networking,phrase,2,synthetic,vowel_swap,dofault gateway,missed,no,please check the dofault gateway now,
default gateway,networking,phrase,2,synthetic,consonant_swap,defaurt gateway,missed,no,please check the defaurt gateway now,
default gateway,networking,phrase,2,synthetic,double_consonant,default gatteway,recovered,yes,please check the default gateway now,default gatteway -> default gateway
default gateway,networking,phrase,2,synthetic,drop_last,default gatewa,recovered,yes,please check the default gateway now,default gatewa -> default gateway
default gateway,networking,phrase,2,synthetic,respell,default gatewai,recovered,yes,please check the default gateway now,default gatewai -> default gateway
default gateway,networking,phrase,2,synthetic,split_word,def ault gateway,missed,no,please check the def ault gateway now,
default gateway,networking,phrase,2,synthetic,merge_words,defaultgateway,missed,no,please check the defaultgateway now,
default gateway,networking,phrase,2,synthetic,swap_words,gateway default,missed,no,please check the gateway default now,
default gateway,networking,phrase,2,synthetic,vowel_swap,default gatewiy,recovered,yes,please check the default gateway now,default gatewiy -> default gateway
default gateway,networking,phrase,2,synthetic,consonant_swap,default gadeway,recovered,yes,please check the default gateway now,default gadeway -> default gateway
subnet mask,networking,phrase,2,canonical,canonical,subnet mask,recovered,yes,please check the subnet mask now,
subnet mask,networking,phrase,2,synthetic,vowel_swap,subnet mesk,missed,no,please check the subnet mesk now,
subnet mask,networking,phrase,2,synthetic,consonant_swap,subnet nask,wrong,no,please check the subnet NAS now,nask -> NAS
subnet mask,networking,phrase,2,synthetic,double_consonant,subnnet mask,recovered,yes,please check the subnet mask now,subnnet mask -> subnet mask
subnet mask,networking,phrase,2,synthetic,drop_last,subne mask,recovered,yes,please check the subnet mask now,subne mask -> subnet mask
subnet mask,networking,phrase,2,synthetic,add_suffix,subnet maskt,missed,no,please check the subnet maskt now,
subnet mask,networking,phrase,2,synthetic,merge_words,subnetmask,missed,no,please check the subnetmask now,
subnet mask,networking,phrase,2,synthetic,swap_words,mask subnet,missed,no,please check the mask subnet now,
subnet mask,networking,phrase,2,synthetic,vowel_swap,subnet misk,missed,no,please check the subnet misk now,
subnet mask,networking,phrase,2,synthetic,consonant_swap,subnet masg,missed,no,please check the subnet masg now,
subnet mask,networking,phrase,2,synthetic,double_consonant,subnet massk,missed,no,please check the subnet massk now,
subnetting,networking,single_word,1,canonical,canonical,subnetting,recovered,yes,please check the subnetting now,
subnetting,networking,single_word,1,synthetic,vowel_swap,subnetteng,recovered,yes,please check the subnetting now,subnetteng -> subnetting
subnetting,networking,single_word,1,synthetic,consonant_swap,zubnetting,recovered,yes,please check the subnetting now,zubnetting -> subnetting
subnetting,networking,single_word,1,synthetic,double_consonant,subneting,recovered,yes,please check the subnetting now,subneting -> subnetting
subnetting,networking,single_word,1,synthetic,drop_last,subnettin,recovered,yes,please check the subnetting now,subnettin -> subnetting
subnetting,networking,single_word,1,synthetic,respell,subnettyng,recovered,yes,please check the subnetting now,subnettyng -> subnetting
subnetting,networking,single_word,1,synthetic,split_word,subnet ting,recovered,yes,please check the subnetting now,subnet ting -> subnetting
subnetting,networking,single_word,1,synthetic,vowel_swap,subnettang,recovered,yes,please check the subnetting now,subnettang -> subnetting
subnetting,networking,single_word,1,synthetic,consonant_swap,subnetding,recovered,yes,please check the subnetting now,subnetding -> subnetting
subnetting,networking,single_word,1,synthetic,double_consonant,subnnetting,recovered,yes,please check the subnetting now,subnnetting -> subnetting
subnetting,networking,single_word,1,synthetic,split_word,subn etting,recovered,yes,please check the subnetting now,subn etting -> subnetting
Classless Inter-Domain Routing,networking,phrase,4,canonical,canonical,Classless Inter-Domain Routing,recovered,yes,please check the Classless Inter-Domain Routing now,
Classless Inter-Domain Routing,networking,phrase,4,synthetic,vowel_swap,classless inter domain roeting,recovered,yes,please check the Classless Inter-Domain Routing now,classless inter domain roeting -> Classless Inter-Domain Routing
Classless Inter-Domain Routing,networking,phrase,4,synthetic,consonant_swap,classless inter domain routink,recovered,yes,please check the Classless Inter-Domain Routing now,classless inter domain routink -> Classless Inter-Domain Routing
Classless Inter-Domain Routing,networking,phrase,4,synthetic,double_consonant,clasless inter domain routing,recovered,yes,please check the Classless Inter-Domain Routing now,clasless inter domain routing -> Classless Inter-Domain Routing
Classless Inter-Domain Routing,networking,phrase,4,synthetic,drop_last,classles inter domain routing,recovered,yes,please check the Classless Inter-Domain Routing now,classles inter domain routing -> Classless Inter-Domain Routing
Classless Inter-Domain Routing,networking,phrase,4,synthetic,respell,classless ynter domain routing,missed,no,please check the classless ynter domain routing now,
Classless Inter-Domain Routing,networking,phrase,4,synthetic,split_word,classless inter domain rout ing,wrong,no,please check the classless inter domain router ing now,rout -> router
Classless Inter-Domain Routing,networking,phrase,4,synthetic,merge_words,classless interdomain routing,recovered,yes,please check the Classless Inter-Domain Routing now,classless interdomain routing -> Classless Inter-Domain Routing
Classless Inter-Domain Routing,networking,phrase,4,synthetic,swap_words,inter classless domain routing,missed,no,please check the inter classless domain routing now,
Classless Inter-Domain Routing,networking,phrase,4,synthetic,vowel_swap,classlass inter domain routing,recovered,yes,please check the Classless Inter-Domain Routing now,classlass inter domain routing -> Classless Inter-Domain Routing
Classless Inter-Domain Routing,networking,phrase,4,synthetic,consonant_swap,classress inter domain routing,missed,no,please check the classress inter domain routing now,
IPv4,networking,acronym_digits,1,canonical,canonical,IPv4,recovered,yes,please check the IPv4 now,
IPv4,networking,acronym_digits,1,synthetic,spoken_digits,ipv four,garbled,no,please check the IPv4 four now,ipv -> IPv4
IPv4,networking,acronym_digits,1,synthetic,spoken_digits_spelled,eye pea vee four,missed,no,please check the eye pea vee four now,
IPv6,networking,acronym_digits,1,canonical,canonical,IPv6,recovered,yes,please check the IPv6 now,
IPv6,networking,acronym_digits,1,synthetic,spoken_digits,ipv six,wrong,no,please check the IPv4 six now,ipv -> IPv4
IPv6,networking,acronym_digits,1,synthetic,spoken_digits_spelled,eye pea vee six,missed,no,please check the eye pea vee six now,
MAC address table,networking,phrase,3,canonical,canonical,MAC address table,recovered,yes,please check the MAC address table now,
MAC address table,networking,phrase,3,spelled_token,spell_token,em ay see address table,wrong,no,please check the MAC address IP address table now,em ay see -> MAC address; address -> IP address
MAC address table,networking,phrase,3,synthetic,vowel_swap,mac address tablu,missed,no,please check the MAC address tablu now,mac address -> MAC address
MAC address table,networking,phrase,3,synthetic,consonant_swap,mac address taple,missed,no,please check the MAC address taple now,mac address -> MAC address
MAC address table,networking,phrase,3,synthetic,double_consonant,mac addrress table,recovered,yes,please check the MAC address table now,mac addrress table -> MAC address table
MAC address table,networking,phrase,3,synthetic,drop_last,mac addres table,recovered,yes,please check the MAC address table now,mac addres table -> MAC address table
MAC address table,networking,phrase,3,synthetic,split_word,mac addr ess table,recovered,yes,please check the MAC address table now,mac addr ess table -> MAC address table
MAC address table,networking,phrase,3,synthetic,merge_words,mac addresstable,wrong,no,please check the MAC address now,mac addresstable -> MAC address
MAC address table,networking,phrase,3,synthetic,swap_words,address mac table,recovered,yes,please check the MAC address table now,address mac table -> MAC address table
MAC address table,networking,phrase,3,synthetic,vowel_swap,mac address tabli,missed,no,please check the MAC address tabli now,mac address -> MAC address
MAC address table,networking,phrase,3,synthetic,consonant_swap,mac addrezs table,recovered,yes,please check the MAC address table now,mac addrezs table -> MAC address table
MAC address table,networking,phrase,3,synthetic,double_consonant,mac address tabble,missed,no,please check the MAC address tabble now,mac address -> MAC address
ARP,networking,acronym,1,canonical,canonical,ARP,recovered,yes,please check the ARP now,
ARP,networking,acronym,1,spelled,spelled,ay are pea,missed,no,please check the ay are pea now,
ARP,networking,acronym,1,spelled,spelled_alt,a arr pee,missed,no,please check the a arr pee now,
ICMP,networking,acronym,1,canonical,canonical,ICMP,recovered,yes,please check the ICMP now,
ICMP,networking,acronym,1,spelled,spelled,eye see em pea,recovered,yes,please check the ICMP now,eye see em pea -> ICMP
ICMP,networking,acronym,1,spelled,spelled_alt,i cee emm pe,recovered,yes,please check the ICMP now,i cee emm pe -> ICMP
ICMP,networking,acronym,1,synthetic,vowel_swap,ocmp,missed,no,please check the ocmp now,
ICMP,networking,acronym,1,synthetic,consonant_swap,icmb,missed,no,please check the icmb now,
ICMP,networking,acronym,1,synthetic,double_consonant,icmmp,recovered,yes,please check the ICMP now,icmmp -> ICMP
ICMP,networking,acronym,1,synthetic,add_suffix,icmpt,recovered,yes,please check the ICMP now,icmpt -> ICMP
ICMP,networking,acronym,1,synthetic,respell,ycmp,missed,no,please check the ycmp now,
ICMP,networking,acronym,1,synthetic,vowel_swap,ucmp,missed,no,please check the ucmp now,
ICMP,networking,acronym,1,synthetic,consonant_swap,ikmp,recovered,yes,please check the ICMP now,ikmp -> ICMP
ICMP,networking,acronym,1,synthetic,double_consonant,iccmp,recovered,yes,please check the ICMP now,iccmp -> ICMP
ICMP,networking,acronym,1,synthetic,add_suffix,icmpd,recovered,yes,please check the ICMP now,icmpd -> ICMP
ICMP,networking,acronym,1,synthetic,vowel_swap,ecmp,missed,no,please check the ecmp now,
SNMP,networking,acronym,1,canonical,canonical,SNMP,recovered,yes,please check the SNMP now,
SNMP,networking,acronym,1,spelled,spelled,ess en em pea,recovered,yes,please check the SNMP now,ess en em pea -> SNMP
SNMP,networking,acronym,1,spelled,spelled_alt,es enn emm pee,recovered,yes,please check the SNMP now,es enn emm pee -> SNMP
SNMP,networking,acronym,1,synthetic,consonant_swap,znmp,missed,no,please check the znmp now,
SNMP,networking,acronym,1,synthetic,double_consonant,snmmp,recovered,yes,please check the SNMP now,snmmp -> SNMP
SNMP,networking,acronym,1,synthetic,add_suffix,snmpt,recovered,yes,please check the SNMP now,snmpt -> SNMP
SNMP,networking,acronym,1,synthetic,consonant_swap,smmp,missed,no,please check the smmp now,
SNMP,networking,acronym,1,synthetic,double_consonant,snnmp,recovered,yes,please check the SNMP now,snnmp -> SNMP
SNMP,networking,acronym,1,synthetic,add_suffix,snmpd,recovered,yes,please check the SNMP now,snmpd -> SNMP
SNMP,networking,acronym,1,synthetic,consonant_swap,snnp,missed,no,please check the snnp now,
SNMP,networking,acronym,1,synthetic,consonant_swap,snmb,missed,no,please check the snmb now,
RDP,networking,acronym,1,canonical,canonical,RDP,recovered,yes,please check the RDP now,
RDP,networking,acronym,1,spelled,spelled,are dee pea,recovered,yes,please check the RDP now,are dee pea -> RDP
RDP,networking,acronym,1,spelled,spelled_alt,arr di pe,recovered,yes,please check the RDP now,arr di pe -> RDP
BGP,networking,acronym,1,canonical,canonical,BGP,recovered,yes,please check the BGP now,
BGP,networking,acronym,1,spelled,spelled,bee gee pea,missed,no,please check the bee gee pea now,
BGP,networking,acronym,1,spelled,spelled_alt,be jee pe,missed,no,please check the be jee pe now,
OSPF,networking,acronym,1,canonical,canonical,OSPF,recovered,yes,please check the OSPF now,
OSPF,networking,acronym,1,spelled,spelled,oh ess pea ef,recovered,yes,please check the OSPF now,oh ess pea ef -> OSPF
OSPF,networking,acronym,1,spelled,spelled_alt,o es pee eff,recovered,yes,please check the OSPF now,o es pee eff -> OSPF
OSPF,networking,acronym,1,synthetic,vowel_swap,aspf,missed,no,please check the aspf now,
OSPF,networking,acronym,1,synthetic,consonant_swap,osbf,missed,no,please check the osbf now,
OSPF,networking,acronym,1,synthetic,double_consonant,osspf,recovered,yes,please check the OSPF now,osspf -> OSPF
OSPF,networking,acronym,1,synthetic,add_suffix,ospft,recovered,yes,please check the OSPF now,ospft -> OSPF
OSPF,networking,acronym,1,synthetic,vowel_swap,espf,missed,no,please check the espf now,
OSPF,networking,acronym,1,synthetic,consonant_swap,ospv,recovered,yes,please check the OSPF now,ospv -> OSPF
OSPF,networking,acronym,1,synthetic,double_consonant,osppf,recovered,yes,please check the OSPF now,osppf -> OSPF
OSPF,networking,acronym,1,synthetic,add_suffix,ospfd,recovered,yes,please check the OSPF now,ospfd -> OSPF
OSPF,networking,acronym,1,synthetic,vowel_swap,uspf,missed,no,please check the uspf now,
OSPF,networking,acronym,1,synthetic,consonant_swap,ozpf,recovered,yes,please check the OSPF now,ozpf -> OSPF
EIGRP,networking,acronym,1,canonical,canonical,EIGRP,recovered,yes,please check the EIGRP now,
EIGRP,networking,acronym,1,spelled,spelled,ee eye gee are pea,missed,no,please check the ee eye gee are pea now,
EIGRP,networking,acronym,1,spelled,spelled_alt,e aye jee arr pee,missed,no,please check the e aye jee arr pee now,
EIGRP,networking,acronym,1,synthetic,vowel_swap,eogrp,recovered,yes,please check the EIGRP now,eogrp -> EIGRP
EIGRP,networking,acronym,1,synthetic,consonant_swap,eikrp,recovered,yes,please check the EIGRP now,eikrp -> EIGRP
EIGRP,networking,acronym,1,synthetic,double_consonant,eigrrp,recovered,yes,please check the EIGRP now,eigrrp -> EIGRP
EIGRP,networking,acronym,1,synthetic,drop_last,eigr,recovered,yes,please check the EIGRP now,eigr -> EIGRP
EIGRP,networking,acronym,1,synthetic,respell,eygrp,recovered,yes,please check the EIGRP now,eygrp -> EIGRP
EIGRP,networking,acronym,1,synthetic,vowel_swap,eugrp,recovered,yes,please check the EIGRP now,eugrp -> EIGRP
EIGRP,networking,acronym,1,synthetic,consonant_swap,eiglp,missed,no,please check the eiglp now,
EIGRP,networking,acronym,1,synthetic,double_consonant,eiggrp,recovered,yes,please check the EIGRP now,eiggrp -> EIGRP
EIGRP,networking,acronym,1,synthetic,vowel_swap,uigrp,missed,no,please check the uigrp now,
EIGRP,networking,acronym,1,synthetic,consonant_swap,eigrb,missed,no,please check the eigrb now,
VLAN,networking,acronym,1,canonical,canonical,VLAN,recovered,yes,please check the VLAN now,
VLAN,networking,acronym,1,spelled,spelled,vee el ay en,recovered,yes,please check the VLAN now,vee el ay en -> VLAN
VLAN,networking,acronym,1,spelled,spelled_alt,ve ell a enn,recovered,yes,please check the VLAN now,ve ell a enn -> VLAN
VLAN,networking,acronym,1,synthetic,vowel_swap,vlin,recovered,yes,please check the VLAN now,vlin -> VLAN
VLAN,networking,acronym,1,synthetic,consonant_swap,flan,missed,no,please check the flan now,
VLAN,networking,acronym,1,synthetic,double_consonant,vllan,recovered,yes,please check the VLAN now,vllan -> VLAN
VLAN,networking,acronym,1,synthetic,add_suffix,vlant,recovered,yes,please check the VLAN now,vlant -> VLAN
VLAN,networking,acronym,1,synthetic,vowel_swap,vlon,recovered,yes,please check the VLAN now,vlon -> VLAN
VLAN,networking,acronym,1,synthetic,consonant_swap,vran,missed,no,please check the vran now,
VLAN,networking,acronym,1,synthetic,add_suffix,vland,recovered,yes,please check the VLAN now,vland -> VLAN
VLAN,networking,acronym,1,synthetic,vowel_swap,vlen,recovered,yes,please check the VLAN now,vlen -> VLAN
VLAN,networking,acronym,1,synthetic,consonant_swap,vlam,missed,no,please check the vlam now,
VLAN,networking,acronym,1,synthetic,vowel_swap,vlun,recovered,yes,please check the VLAN now,vlun -> VLAN
VXLAN,networking,acronym,1,canonical,canonical,VXLAN,recovered,yes,please check the VXLAN now,
VXLAN,networking,acronym,1,spelled,spelled,vee ex el ay en,recovered,yes,please check the VXLAN now,vee ex el ay en -> VXLAN
VXLAN,networking,acronym,1,spelled,spelled_alt,ve ecks ell a enn,recovered,yes,please check the VXLAN now,ve ecks ell a enn -> VXLAN
VXLAN,networking,acronym,1,synthetic,vowel_swap,vxlon,recovered,yes,please check the VXLAN now,vxlon -> VXLAN
VXLAN,networking,acronym,1,synthetic,consonant_swap,vxran,missed,no,please check the vxran now,
VXLAN,networking,acronym,1,synthetic,double_consonant,vxllan,recovered,yes,please check the VXLAN now,vxllan -> VXLAN
VXLAN,networking,acronym,1,synthetic,drop_last,vxla,recovered,yes,please check the VXLAN now,vxla -> VXLAN
VXLAN,networking,acronym,1,synthetic,vowel_swap,vxlin,recovered,yes,please check the VXLAN now,vxlin -> VXLAN
VXLAN,networking,acronym,1,synthetic,consonant_swap,fxlan,recovered,yes,please check the VXLAN now,fxlan -> VXLAN
VXLAN,networking,acronym,1,synthetic,double_consonant,vxxlan,recovered,yes,please check the VXLAN now,vxxlan -> VXLAN
VXLAN,networking,acronym,1,synthetic,vowel_swap,vxlun,recovered,yes,please check the VXLAN now,vxlun -> VXLAN
VXLAN,networking,acronym,1,synthetic,consonant_swap,vxlam,garbled,no,please check the VXLAN,vxlam now -> VXLAN
VXLAN,networking,acronym,1,synthetic,vowel_swap,vxlen,recovered,yes,please check the VXLAN now,vxlen -> VXLAN
LACP,networking,acronym,1,canonical,canonical,LACP,recovered,yes,please check the LACP now,
LACP,networking,acronym,1,spelled,spelled,el ay see pea,recovered,yes,please check the LACP now,el ay see pea -> LACP
LACP,networking,acronym,1,spelled,spelled_alt,ell a cee pee,recovered,yes,please check the LACP now,ell a cee pee -> LACP
LACP,networking,acronym,1,synthetic,vowel_swap,lucp,recovered,yes,please check the LACP now,lucp -> LACP
LACP,networking,acronym,1,synthetic,consonant_swap,lacb,missed,no,please check the lacb now,
LACP,networking,acronym,1,synthetic,double_consonant,laccp,recovered,yes,please check the LACP now,laccp -> LACP
LACP,networking,acronym,1,synthetic,add_suffix,lacpd,recovered,yes,please check the LACP now,lacpd -> LACP
LACP,networking,acronym,1,synthetic,vowel_swap,locp,recovered,yes,please check the LACP now,locp -> LACP
LACP,networking,acronym,1,synthetic,consonant_swap,lakp,recovered,yes,please check the LACP now,lakp -> LACP
LACP,networking,acronym,1,synthetic,add_suffix,lacpt,recovered,yes,please check the LACP now,lacpt -> LACP
LACP,networking,acronym,1,synthetic,vowel_swap,licp,recovered,yes,please check the LACP now,licp -> LACP
LACP,networking,acronym,1,synthetic,consonant_swap,racp,missed,no,please check the racp now,
LACP,networking,acronym,1,synthetic,vowel_swap,lecp,recovered,yes,please check the LACP now,lecp -> LACP
EtherChannel,networking,single_word,1,canonical,canonical,EtherChannel,recovered,yes,please check the EtherChannel now,
EtherChannel,networking,single_word,1,synthetic,vowel_swap,etherchinnel,recovered,yes,please check the EtherChannel now,etherchinnel -> EtherChannel
EtherChannel,networking,single_word,1,synthetic,consonant_swap,etherchanner,recovered,yes,please check the EtherChannel now,etherchanner -> EtherChannel
EtherChannel,networking,single_word,1,synthetic,double_consonant,ettherchannel,recovered,yes,please check the EtherChannel now,ettherchannel -> EtherChannel
EtherChannel,networking,single_word,1,synthetic,drop_last,etherchanne,recovered,yes,please check the EtherChannel now,etherchanne -> EtherChannel
EtherChannel,networking,single_word,1,synthetic,split_word,etherc hannel,recovered,yes,please check the EtherChannel now,etherc hannel -> EtherChannel
EtherChannel,networking,single_word,1,synthetic,vowel_swap,utherchannel,recovered,yes,please check the EtherChannel now,utherchannel -> EtherChannel
EtherChannel,networking,single_word,1,synthetic,consonant_swap,edherchannel,recovered,yes,please check the EtherChannel now,edherchannel -> EtherChannel
EtherChannel,networking,single_word,1,synthetic,double_consonant,etherchhannel,recovered,yes,please check the EtherChannel now,etherchhannel -> EtherChannel
EtherChannel,networking,single_word,1,synthetic,split_word,etherch annel,recovered,yes,please check the EtherChannel now,etherch annel -> EtherChannel
EtherChannel,networking,single_word,1,synthetic,vowel_swap,atherchannel,recovered,yes,please check the EtherChannel now,atherchannel -> EtherChannel
trunk port,networking,phrase,2,canonical,canonical,trunk port,recovered,yes,please check the trunk port now,
trunk port,networking,phrase,2,synthetic,vowel_swap,trank port,recovered,yes,please check the trunk port now,trank port -> trunk port
trunk port,networking,phrase,2,synthetic,consonant_swap,trung port,recovered,yes,please check the trunk port now,trung port -> trunk port
trunk port,networking,phrase,2,synthetic,double_consonant,trrunk port,recovered,yes,please check the trunk port now,trrunk port -> trunk port
trunk port,networking,phrase,2,synthetic,drop_last,trun port,recovered,yes,please check the trunk port now,trun port -> trunk port
trunk port,networking,phrase,2,synthetic,add_suffix,trunk portd,recovered,yes,please check the trunk port now,trunk portd -> trunk port
trunk port,networking,phrase,2,synthetic,merge_words,trunkport,missed,no,please check the trunkport now,
trunk port,networking,phrase,2,synthetic,swap_words,port trunk,missed,no,please check the port trunk now,
trunk port,networking,phrase,2,synthetic,vowel_swap,tronk port,recovered,yes,please check the trunk port now,tronk port -> trunk port
trunk port,networking,phrase,2,synthetic,consonant_swap,tlunk port,recovered,yes,please check the trunk port now,tlunk port -> trunk port
trunk port,networking,phrase,2,synthetic,double_consonant,trunk porrt,recovered,yes,please check the trunk port now,trunk porrt -> trunk port
access port,networking,phrase,2,canonical,canonical,access port,recovered,yes,please check the access port now,
access port,networking,phrase,2,synthetic,vowel_swap,iccess port,recovered,yes,please check the access port now,iccess port -> access port
access port,networking,phrase,2,synthetic,consonant_swap,access bort,recovered,yes,please check the access port now,access bort -> access port
access port,networking,phrase,2,synthetic,double_consonant,acces port,recovered,yes,please check the access port now,acces port -> access port
access port,networking,phrase,2,synthetic,add_suffix,access portd,recovered,yes,please check the access port now,access portd -> access port
access port,networking,phrase,2,synthetic,respell,acsess port,recovered,yes,please check the access port now,acsess port -> access port
access port,networking,phrase,2,synthetic,merge_words,accessport,recovered,yes,please check the access port now,accessport -> access port
access port,networking,phrase,2,synthetic,swap_words,port access,missed,no,please check the port access now,
access port,networking,phrase,2,synthetic,vowel_swap,eccess port,recovered,yes,please check the access port now,eccess port -> access port
access port,networking,phrase,2,synthetic,consonant_swap,access polt,recovered,yes,please check the access port now,access polt -> access port
access port,networking,phrase,2,synthetic,double_consonant,acess port,recovered,yes,please check the access port now,acess port -> access port
port security,networking,phrase,2,canonical,canonical,port security,recovered,yes,please check the port security now,
port security,networking,phrase,2,synthetic,vowel_swap,port secority,recovered,yes,please check the port security now,port secority -> port security
port security,networking,phrase,2,synthetic,consonant_swap,polt security,recovered,yes,please check the port security now,polt security -> port security
port security,networking,phrase,2,synthetic,double_consonant,porrt security,recovered,yes,please check the port security now,porrt security -> port security
port security,networking,phrase,2,synthetic,drop_last,port securit,recovered,yes,please check the port security now,port securit -> port security
port security,networking,phrase,2,synthetic,add_suffix,portd security,recovered,yes,please check the port security now,portd security -> port security
port security,networking,phrase,2,synthetic,respell,port securyty,recovered,yes,please check the port security now,port securyty -> port security
port security,networking,phrase,2,synthetic,split_word,port sec urity,recovered,yes,please check the port security now,port sec urity -> port security
port security,networking,phrase,2,synthetic,merge_words,portsecurity,recovered,yes,please check the port security now,portsecurity -> port security
port security,networking,phrase,2,synthetic,swap_words,security port,recovered,yes,please check the port security now,security port -> port security
port security,networking,phrase,2,synthetic,vowel_swap,port securuty,recovered,yes,please check the port security now,port securuty -> port security
spanning tree,networking,phrase,2,canonical,canonical,spanning tree,recovered,yes,please check the spanning tree now,
spanning tree,networking,phrase,2,synthetic,vowel_swap,spannung tree,recovered,yes,please check the spanning tree now,spannung tree -> spanning tree
spanning tree,networking,phrase,2,synthetic,consonant_swap,zpanning tree,missed,no,please check the zpanning tree now,
spanning tree,networking,phrase,2,synthetic,double_consonant,spaning tree,recovered,yes,please check the spanning tree now,spaning tree -> spanning tree
spanning tree,networking,phrase,2,synthetic,drop_last,spannin tree,recovered,yes,please check the spanning tree now,spannin tree -> spanning tree
spanning tree,networking,phrase,2,synthetic,respell,spannyng tree,recovered,yes,please check the spanning tree now,spannyng tree -> spanning tree
spanning tree,networking,phrase,2,synthetic,split_word,spann ing tree,missed,no,please check the spann ing tree now,
spanning tree,networking,phrase,2,synthetic,merge_words,spanningtree,recovered,yes,please check the spanning tree now,spanningtree -> spanning tree
spanning tree,networking,phrase,2,synthetic,swap_words,tree spanning,garbled,no,please check the tree spanning tree now,spanning -> spanning tree
spanning tree,networking,phrase,2,synthetic,vowel_swap,spanning trei,recovered,yes,please check the spanning tree now,spanning trei -> spanning tree
spanning tree,networking,phrase,2,synthetic,consonant_swap,sbanning tree,recovered,yes,please check the spanning tree now,sbanning tree -> spanning tree
link aggregation,networking,phrase,2,canonical,canonical,link aggregation,recovered,yes,please check the link aggregation now,
link aggregation,networking,phrase,2,synthetic,vowel_swap,link aggregetion,recovered,yes,please check the link aggregation now,link aggregetion -> link aggregation
link aggregation,networking,phrase,2,synthetic,consonant_swap,rink aggregation,recovered,yes,please check the link aggregation now,rink aggregation -> link aggregation
link aggregation,networking,phrase,2,synthetic,double_consonant,link aggregattion,recovered,yes,please check the link aggregation now,link aggregattion -> link aggregation
link aggregation,networking,phrase,2,synthetic,drop_last,link aggregatio,recovered,yes,please check the link aggregation now,link aggregatio -> link aggregation
link aggregation,networking,phrase,2,synthetic,add_suffix,linkt aggregation,recovered,yes,please check the link aggregation now,linkt aggregation -> link aggregation
link aggregation,networking,phrase,2,synthetic,respell,link aggregatyon,recovered,yes,please check the link aggregation now,link aggregatyon -> link aggregation
link aggregation,networking,phrase,2,synthetic,split_word,link aggre gation,recovered,yes,please check the link aggregation now,link aggre gation -> link aggregation
link aggregation,networking,phrase,2,synthetic,merge_words,linkaggregation,missed,no,please check the linkaggregation now,
link aggregation,networking,phrase,2,synthetic,swap_words,aggregation link,recovered,yes,please check the link aggregation now,aggregation link -> link aggregation
link aggregation,networking,phrase,2,synthetic,vowel_swap,link aggragation,recovered,yes,please check the link aggregation now,link aggragation -> link aggregation
wireless access point,networking,phrase,3,canonical,canonical,wireless access point,recovered,yes,please check the wireless access point now,
wireless access point,networking,phrase,3,synthetic,vowel_swap,wireless accass point,recovered,yes,please check the wireless access point now,wireless accass point -> wireless access point
wireless access point,networking,phrase,3,synthetic,consonant_swap,wireless accesz point,recovered,yes,please check the wireless access point now,wireless accesz point -> wireless access point
wireless access point,networking,phrase,3,synthetic,double_consonant,wireless access poinnt,recovered,yes,please check the wireless access point now,wireless access poinnt -> wireless access point
wireless access point,networking,phrase,3,synthetic,drop_last,wireless access poin,recovered,yes,please check the wireless access point now,wireless access poin -> wireless access point
wireless access point,networking,phrase,3,synthetic,respell,wyreless access point,missed,no,please check the wyreless access point now,
wireless access point,networking,phrase,3,synthetic,split_word,wirel ess access point,missed,no,please check the wirel ess access point now,
wireless access point,networking,phrase,3,synthetic,merge_words,wirelessaccess point,missed,no,please check the wirelessaccess point now,
wireless access point,networking,phrase,3,synthetic,swap_words,wireless point access,recovered,yes,please check the wireless access point now,wireless point access -> wireless access point
wireless access point,networking,phrase,3,synthetic,vowel_swap,wireless access peint,recovered,yes,please check the wireless access point now,wireless access peint -> wireless access point
wireless access point,networking,phrase,3,synthetic,consonant_swap,wileless access point,missed,no,please check the wileless access point now,
access point,networking,phrase,2,canonical,canonical,access point,recovered,yes,please check the access point now,
access point,networking,phrase,2,synthetic,vowel_swap,access puint,recovered,yes,please check the access point now,access puint -> access point
access point,networking,phrase,2,synthetic,consonant_swap,accesz point,recovered,yes,please check the access point now,accesz point -> access point
access point,networking,phrase,2,synthetic,double_consonant,acces point,recovered,yes,please check the access point now,acces point -> access point
access point,networking,phrase,2,synthetic,drop_last,access poin,recovered,yes,please check the access point now,access poin -> access point
access point,networking,phrase,2,synthetic,respell,acsess point,recovered,yes,please check the access point now,acsess point -> access point
access point,networking,phrase,2,synthetic,merge_words,accesspoint,recovered,yes,please check the access point now,accesspoint -> access point
access point,networking,phrase,2,synthetic,swap_words,point access,missed,no,please check the point access now,
access point,networking,phrase,2,synthetic,vowel_swap,access piint,recovered,yes,please check the access point now,access piint -> access point
access point,networking,phrase,2,synthetic,consonant_swap,akcess point,recovered,yes,please check the access point now,akcess point -> access point
access point,networking,phrase,2,synthetic,double_consonant,acess point,recovered,yes,please check the access point now,acess point -> access point
SSID,networking,acronym,1,canonical,canonical,SSID,recovered,yes,please check the SSID now,
SSID,networking,acronym,1,spelled,spelled,ess ess eye dee,recovered,yes,please check the SSID now,ess ess eye dee -> SSID
SSID,networking,acronym,1,spelled,spelled_alt,es es aye di,recovered,yes,please check the SSID now,es es aye di -> SSID
SSID,networking,acronym,1,synthetic,vowel_swap,ssed,wrong,no,please check the SSD now,ssed -> SSD
SSID,networking,acronym,1,synthetic,consonant_swap,ssit,recovered,yes,please check the SSID now,ssit -> SSID
SSID,networking,acronym,1,synthetic,double_consonant,sid,recovered,yes,please check the SSID now,sid -> SSID
SSID,networking,acronym,1,synthetic,add_suffix,ssidt,recovered,yes,please check the SSID now,ssidt -> SSID
SSID,networking,acronym,1,synthetic,respell,ssyd,wrong,no,please check the SSD now,ssyd -> SSD
SSID,networking,acronym,1,synthetic,vowel_swap,ssud,wrong,no,please check the SSD now,ssud -> SSD
SSID,networking,acronym,1,synthetic,consonant_swap,szid,missed,no,please check the szid now,
SSID,networking,acronym,1,synthetic,vowel_swap,ssad,wrong,no,please check the SSD now,ssad -> SSD
SSID,networking,acronym,1,synthetic,consonant_swap,zsid,missed,no,please check the zsid now,
SSID,networking,acronym,1,synthetic,vowel_swap,ssod,wrong,no,please check the SSD now,ssod -> SSD
BSSID,networking,acronym,1,canonical,canonical,BSSID,recovered,yes,please check the BSSID now,
BSSID,networking,acronym,1,spelled,spelled,bee ess ess eye dee,recovered,yes,please check the BSSID now,bee ess ess eye dee -> BSSID
BSSID,networking,acronym,1,spelled,spelled_alt,be es es i di,recovered,yes,please check the BSSID now,be es es i di -> BSSID
BSSID,networking,acronym,1,synthetic,vowel_swap,bssad,recovered,yes,please check the BSSID now,bssad -> BSSID
BSSID,networking,acronym,1,synthetic,consonant_swap,bzsid,recovered,yes,please check the BSSID now,bzsid -> BSSID
BSSID,networking,acronym,1,synthetic,double_consonant,bsid,recovered,yes,please check the BSSID now,bsid -> BSSID
BSSID,networking,acronym,1,synthetic,drop_last,bssi,recovered,yes,please check the BSSID now,bssi -> BSSID
BSSID,networking,acronym,1,synthetic,respell,bssyd,recovered,yes,please check the BSSID now,bssyd -> BSSID
BSSID,networking,acronym,1,synthetic,vowel_swap,bssud,recovered,yes,please check the BSSID now,bssud -> BSSID
BSSID,networking,acronym,1,synthetic,consonant_swap,pssid,missed,no,please check the pssid now,
BSSID,networking,acronym,1,synthetic,vowel_swap,bssed,recovered,yes,please check the BSSID now,bssed -> BSSID
BSSID,networking,acronym,1,synthetic,consonant_swap,bssit,recovered,yes,please check the BSSID now,bssit -> BSSID
BSSID,networking,acronym,1,synthetic,vowel_swap,bssod,recovered,yes,please check the BSSID now,bssod -> BSSID
WPA2,networking,acronym_digits,1,canonical,canonical,WPA2,recovered,yes,please check the WPA2 now,
WPA2,networking,acronym_digits,1,synthetic,spoken_digits,wpa two,garbled,no,please check the WPA2 two now,wpa -> WPA2
WPA2,networking,acronym_digits,1,synthetic,spoken_digits_spelled,double you pea ay two,missed,no,please check the double you pea ay two now,
WPA3,networking,acronym_digits,1,canonical,canonical,WPA3,recovered,yes,please check the WPA3 now,
WPA3,networking,acronym_digits,1,synthetic,spoken_digits,wpa three,wrong,no,please check the WPA2 three now,wpa -> WPA2
WPA3,networking,acronym_digits,1,synthetic,spoken_digits_spelled,double you pea ay three,missed,no,please check the double you pea ay three now,
802.11ax,networking,acronym_digits,1,canonical,canonical,802.11ax,recovered,yes,please check the 802.11ax now,
802.11ax,networking,acronym_digits,1,synthetic,spoken_digits,eight oh two dot one one ax,missed,no,please check the eight oh two dot one one ax now,
802.11ax,networking,acronym_digits,1,synthetic,spoken_digits_spelled,eight oh two dot one one ay ex,missed,no,please check the eight oh two dot one one ay ex now,
Ethernet frame,networking,phrase,2,canonical,canonical,Ethernet frame,recovered,yes,please check the Ethernet frame now,
Ethernet frame,networking,phrase,2,synthetic,vowel_swap,othernet frame,missed,no,please check the othernet frame now,
Ethernet frame,networking,phrase,2,synthetic,consonant_swap,edhernet frame,recovered,yes,please check the Ethernet frame now,edhernet frame -> Ethernet frame
Ethernet frame,networking,phrase,2,synthetic,double_consonant,ethernet frrame,missed,no,please check the Ethernet frrame now,ethernet -> Ethernet
Ethernet frame,networking,phrase,2,synthetic,drop_last,ethernet fram,missed,no,please check the Ethernet fram now,ethernet -> Ethernet
Ethernet frame,networking,phrase,2,synthetic,split_word,eth ernet frame,recovered,yes,please check the Ethernet frame now,eth ernet -> Ethernet
Ethernet frame,networking,phrase,2,synthetic,merge_words,ethernetframe,recovered,yes,please check the Ethernet frame now,ethernetframe -> Ethernet frame
Ethernet frame,networking,phrase,2,synthetic,swap_words,frame ethernet,missed,no,please check the frame Ethernet now,ethernet -> Ethernet
Ethernet frame,networking,phrase,2,synthetic,vowel_swap,ethernet framo,missed,no,please check the Ethernet framo now,ethernet -> Ethernet
Ethernet frame,networking,phrase,2,synthetic,consonant_swap,ethernet flame,missed,no,please check the Ethernet flame now,ethernet -> Ethernet
Ethernet frame,networking,phrase,2,synthetic,double_consonant,ethernet framme,missed,no,please check the Ethernet framme now,ethernet -> Ethernet
packet capture,networking,phrase,2,canonical,canonical,packet capture,recovered,yes,please check the packet capture now,
packet capture,networking,phrase,2,synthetic,vowel_swap,packet cipture,recovered,yes,please check the packet capture now,packet cipture -> packet capture
packet capture,networking,phrase,2,synthetic,consonant_swap,packet capdure,recovered,yes,please check the packet capture now,packet capdure -> packet capture
packet capture,networking,phrase,2,synthetic,double_consonant,packet captture,recovered,yes,please check the packet capture now,packet captture -> packet capture
packet capture,networking,phrase,2,synthetic,drop_last,packe capture,recovered,yes,please check the packet capture now,packe capture -> packet capture
packet capture,networking,phrase,2,synthetic,respell,paket capture,recovered,yes,please check the packet capture now,paket capture -> packet capture
packet capture,networking,phrase,2,synthetic,split_word,packet cap ture,missed,no,please check the packet cap ture now,
packet capture,networking,phrase,2,synthetic,merge_words,packetcapture,missed,no,please check the packetcapture now,
packet capture,networking,phrase,2,synthetic,swap_words,capture packet,recovered,yes,please check the packet capture now,capture packet -> packet capture
packet capture,networking,phrase,2,synthetic,vowel_swap,packet capturo,recovered,yes,please check the packet capture now,packet capturo -> packet capture
packet capture,networking,phrase,2,synthetic,consonant_swap,pacget capture,recovered,yes,please check the packet capture now,pacget capture -> packet capture
PCAP,networking,acronym,1,canonical,canonical,PCAP,recovered,yes,please check the PCAP now,
PCAP,networking,acronym,1,spelled,spelled,pea see ay pea,missed,no,please check the pea see ay pea now,
PCAP,networking,acronym,1,spelled,spelled_alt,pe sea eh pee,missed,no,please check the pe sea eh pee now,
PCAP,networking,acronym,1,synthetic,vowel_swap,pcop,recovered,yes,please check the PCAP now,pcop -> PCAP
PCAP,networking,acronym,1,synthetic,consonant_swap,pcab,missed,no,please check the pcab now,
PCAP,networking,acronym,1,synthetic,double_consonant,pccap,recovered,yes,please check the PCAP now,pccap -> PCAP
PCAP,networking,acronym,1,synthetic,add_suffix,pcapd,recovered,yes,please check the PCAP now,pcapd -> PCAP
PCAP,networking,acronym,1,synthetic,vowel_swap,pcip,missed,no,please check the pcip now,
PCAP,networking,acronym,1,synthetic,consonant_swap,bcap,missed,no,please check the bcap now,
PCAP,networking,acronym,1,synthetic,add_suffix,pcapt,recovered,yes,please check the PCAP now,pcapt -> PCAP
PCAP,networking,acronym,1,synthetic,vowel_swap,pcup,recovered,yes,please check the PCAP now,pcup -> PCAP
PCAP,networking,acronym,1,synthetic,consonant_swap,pkap,recovered,yes,please check the PCAP now,pkap -> PCAP
PCAP,networking,acronym,1,synthetic,vowel_swap,pcep,missed,no,please check the pcep now,
packet loss,networking,phrase,2,canonical,canonical,packet loss,recovered,yes,please check the packet loss now,
packet loss,networking,phrase,2,synthetic,vowel_swap,packut loss,recovered,yes,please check the packet loss now,packut loss -> packet loss
packet loss,networking,phrase,2,synthetic,consonant_swap,pacget loss,recovered,yes,please check the packet loss now,pacget loss -> packet loss
packet loss,networking,phrase,2,synthetic,double_consonant,packet los,recovered,yes,please check the packet loss now,packet los -> packet loss
packet loss,networking,phrase,2,synthetic,drop_last,packe loss,recovered,yes,please check the packet loss now,packe loss -> packet loss
packet loss,networking,phrase,2,synthetic,add_suffix,packet lossd,recovered,yes,please check the packet loss now,packet lossd -> packet loss
packet loss,networking,phrase,2,synthetic,respell,paket loss,recovered,yes,please check the packet loss now,paket loss -> packet loss
packet loss,networking,phrase,2,synthetic,merge_words,packetloss,missed,no,please check the packetloss now,
packet loss,networking,phrase,2,synthetic,swap_words,loss packet,missed,no,please check the loss packet now,
packet loss,networking,phrase,2,synthetic,vowel_swap,packet less,recovered,yes,please check the packet loss now,packet less -> packet loss
packet loss,networking,phrase,2,synthetic,consonant_swap,packet losz,recovered,yes,please check the packet loss now,packet losz -> packet loss
round-trip time,networking,phrase,3,canonical,canonical,round-trip time,recovered,yes,please check the round-trip time now,
round-trip time,networking,phrase,3,synthetic,vowel_swap,roand trip time,missed,no,please check the roand trip time now,
round-trip time,networking,phrase,3,synthetic,consonant_swap,round trip tine,missed,no,please check the round trip tine now,
round-trip time,networking,phrase,3,synthetic,double_consonant,round trrip time,missed,no,please check the round trrip time now,
round-trip time,networking,phrase,3,synthetic,drop_last,roun trip time,missed,no,please check the roun trip time now,
round-trip time,networking,phrase,3,synthetic,add_suffix,round tript time,missed,no,please check the round tript time now,
round-trip time,networking,phrase,3,synthetic,respell,round tryp time,missed,no,please check the round tryp time now,
round-trip time,networking,phrase,3,synthetic,merge_words,round triptime,recovered,yes,please check the round-trip time now,round triptime -> round-trip time
round-trip time,networking,phrase,3,synthetic,swap_words,trip round time,missed,no,please check the trip round time now,
round-trip time,networking,phrase,3,synthetic,vowel_swap,round trop time,missed,no,please check the round trop time now,
round-trip time,networking,phrase,3,synthetic,consonant_swap,round tlip time,missed,no,please check the round tlip time now,
jitter,networking,single_word,1,canonical,canonical,jitter,recovered,yes,please check the jitter now,
jitter,networking,single_word,1,synthetic,vowel_swap,jatter,recovered,yes,please check the jitter now,jatter -> jitter
jitter,networking,single_word,1,synthetic,consonant_swap,jittel,missed,no,please check the jittel now,
jitter,networking,single_word,1,synthetic,double_consonant,jiter,recovered,yes,please check the jitter now,jiter -> jitter
jitter,networking,single_word,1,synthetic,drop_last,jitte,recovered,yes,please check the jitter now,jitte -> jitter
jitter,networking,single_word,1,synthetic,respell,jytter,recovered,yes,please check the jitter now,jytter -> jitter
jitter,networking,single_word,1,synthetic,vowel_swap,jittur,recovered,yes,please check the jitter now,jittur -> jitter
jitter,networking,single_word,1,synthetic,consonant_swap,gitter,recovered,yes,please check the jitter now,gitter -> jitter
jitter,networking,single_word,1,synthetic,vowel_swap,jittar,recovered,yes,please check the jitter now,jittar -> jitter
jitter,networking,single_word,1,synthetic,consonant_swap,jidter,recovered,yes,please check the jitter now,jidter -> jitter
jitter,networking,single_word,1,synthetic,vowel_swap,jotter,recovered,yes,please check the jitter now,jotter -> jitter
bandwidth-delay product,networking,phrase,3,canonical,canonical,bandwidth-delay product,recovered,yes,please check the bandwidth-delay product now,
bandwidth-delay product,networking,phrase,3,synthetic,vowel_swap,bindwidth delay product,recovered,no,please check the bandwidth delay product now,bindwidth -> bandwidth
bandwidth-delay product,networking,phrase,3,synthetic,consonant_swap,bandwidth delay broduct,missed,no,please check the bandwidth delay broduct now,
bandwidth-delay product,networking,phrase,3,synthetic,double_consonant,bandwwidth delay product,recovered,no,please check the bandwidth delay product now,bandwwidth -> bandwidth
bandwidth-delay product,networking,phrase,3,synthetic,drop_last,bandwidth delay produc,missed,no,please check the bandwidth delay produc now,
bandwidth-delay product,networking,phrase,3,synthetic,respell,bandwidth delai product,missed,no,please check the bandwidth delai product now,
bandwidth-delay product,networking,phrase,3,synthetic,split_word,bandwidth delay pro duct,missed,no,please check the bandwidth delay pro duct now,
bandwidth-delay product,networking,phrase,3,synthetic,merge_words,bandwidthdelay product,recovered,yes,please check the bandwidth-delay product now,bandwidthdelay product -> bandwidth-delay product
bandwidth-delay product,networking,phrase,3,synthetic,swap_words,delay bandwidth product,missed,no,please check the delay bandwidth product now,
bandwidth-delay product,networking,phrase,3,synthetic,vowel_swap,bandwidth delay praduct,missed,no,please check the bandwidth delay praduct now,
bandwidth-delay product,networking,phrase,3,synthetic,consonant_swap,bandwidth deray product,missed,no,please check the bandwidth deray product now,
exponential backoff,networking,phrase,2,canonical,canonical,exponential backoff,recovered,yes,please check the exponential backoff now,
exponential backoff,networking,phrase,2,synthetic,vowel_swap,exponentual backoff,recovered,yes,please check the exponential backoff now,exponentual backoff -> exponential backoff
exponential backoff,networking,phrase,2,synthetic,consonant_swap,exponemtial backoff,recovered,yes,please check the exponential backoff now,exponemtial backoff -> exponential backoff
exponential backoff,networking,phrase,2,synthetic,double_consonant,exponential backof,recovered,yes,please check the exponential backoff now,exponential backof -> exponential backoff
exponential backoff,networking,phrase,2,synthetic,drop_last,exponentia backoff,recovered,yes,please check the exponential backoff now,exponentia backoff -> exponential backoff
exponential backoff,networking,phrase,2,synthetic,respell,exponential bakoff,recovered,yes,please check the exponential backoff now,exponential bakoff -> exponential backoff
exponential backoff,networking,phrase,2,synthetic,split_word,expon ential backoff,recovered,yes,please check the exponential backoff now,expon ential backoff -> exponential backoff
exponential backoff,networking,phrase,2,synthetic,merge_words,exponentialbackoff,missed,no,please check the exponentialbackoff now,
exponential backoff,networking,phrase,2,synthetic,swap_words,backoff exponential,recovered,yes,please check the exponential backoff now,backoff exponential -> exponential backoff
exponential backoff,networking,phrase,2,synthetic,vowel_swap,exponentaal backoff,recovered,yes,please check the exponential backoff now,exponentaal backoff -> exponential backoff
exponential backoff,networking,phrase,2,synthetic,consonant_swap,exponential packoff,missed,no,please check the exponential packoff now,
three-way handshake,networking,phrase,3,canonical,canonical,three-way handshake,recovered,yes,please check the three-way handshake now,
three-way handshake,networking,phrase,3,synthetic,vowel_swap,threo way handshake,recovered,yes,please check the three-way handshake now,threo way handshake -> three-way handshake
three-way handshake,networking,phrase,3,synthetic,consonant_swap,thlee way handshake,wrong,no,please check the thlee way TCP handshake now,handshake -> TCP handshake
three-way handshake,networking,phrase,3,synthetic,double_consonant,three way handshhake,recovered,yes,please check the three-way handshake now,three way handshhake -> three-way handshake
three-way handshake,networking,phrase,3,synthetic,drop_last,thre way handshake,recovered,yes,please check the three-way handshake now,thre way handshake -> three-way handshake
three-way handshake,networking,phrase,3,synthetic,respell,threa way handshake,recovered,yes,please check the three-way handshake now,threa way handshake -> three-way handshake
three-way handshake,networking,phrase,3,synthetic,split_word,three way hands hake,missed,no,please check the three way hands hake now,
three-way handshake,networking,phrase,3,synthetic,merge_words,threeway handshake,recovered,yes,please check the three-way handshake now,threeway handshake -> three-way handshake
three-way handshake,networking,phrase,3,synthetic,swap_words,three handshake way,garbled,no,please check the three-way handshake way now,three handshake -> three-way handshake
three-way handshake,networking,phrase,3,synthetic,vowel_swap,threi way handshake,recovered,yes,please check the three-way handshake now,threi way handshake -> three-way handshake
three-way handshake,networking,phrase,3,synthetic,consonant_swap,three way hamdshake,recovered,yes,please check the three-way handshake now,three way hamdshake -> three-way handshake
TCP handshake,networking,phrase,2,canonical,canonical,TCP handshake,recovered,yes,please check the TCP handshake now,
TCP handshake,networking,phrase,2,spelled_token,spell_token,tea see pea handshake,garbled,no,please check the tea see pea TCP handshake now,handshake -> TCP handshake
TCP handshake,networking,phrase,2,synthetic,vowel_swap,tcp handshaka,missed,no,please check the TCP handshaka now,tcp -> TCP
TCP handshake,networking,phrase,2,synthetic,consonant_swap,tcp handzhake,missed,no,please check the TCP handzhake now,tcp -> TCP
TCP handshake,networking,phrase,2,synthetic,double_consonant,tcp hanndshake,missed,no,please check the TCP hanndshake now,tcp -> TCP
TCP handshake,networking,phrase,2,synthetic,drop_last,tcp handshak,missed,no,please check the TCP handshak now,tcp -> TCP
TCP handshake,networking,phrase,2,synthetic,split_word,tcp hands hake,missed,no,please check the TCP hands hake now,tcp -> TCP
TCP handshake,networking,phrase,2,synthetic,merge_words,tcphandshake,missed,no,please check the tcphandshake now,
TCP handshake,networking,phrase,2,synthetic,swap_words,handshake tcp,garbled,no,please check the TCP handshake TCP now,handshake -> TCP handshake; tcp -> TCP
TCP handshake,networking,phrase,2,synthetic,vowel_swap,tcp handsheke,missed,no,please check the TCP handsheke now,tcp -> TCP
TCP handshake,networking,phrase,2,synthetic,consonant_swap,tcp hantshake,missed,no,please check the TCP hantshake now,tcp -> TCP
TCP handshake,networking,phrase,2,synthetic,double_consonant,tcp handdshake,missed,no,please check the TCP handdshake now,tcp -> TCP
keepalive,networking,single_word,1,canonical,canonical,keepalive,recovered,yes,please check the keepalive now,
keepalive,networking,single_word,1,synthetic,vowel_swap,keepilive,recovered,yes,please check the keepalive now,keepilive -> keepalive
keepalive,networking,single_word,1,synthetic,consonant_swap,keeparive,recovered,yes,please check the keepalive now,keeparive -> keepalive
keepalive,networking,single_word,1,synthetic,double_consonant,keepalivve,recovered,yes,please check the keepalive now,keepalivve -> keepalive
keepalive,networking,single_word,1,synthetic,drop_last,keepaliv,recovered,yes,please check the keepalive now,keepaliv -> keepalive
keepalive,networking,single_word,1,synthetic,respell,keapalive,recovered,yes,please check the keepalive now,keapalive -> keepalive
keepalive,networking,single_word,1,synthetic,split_word,kee palive,recovered,yes,please check the keepalive now,kee palive -> keepalive
keepalive,networking,single_word,1,synthetic,vowel_swap,keepaluve,recovered,yes,please check the keepalive now,keepaluve -> keepalive
keepalive,networking,single_word,1,synthetic,consonant_swap,geepalive,missed,no,please check the geepalive now,
keepalive,networking,single_word,1,synthetic,double_consonant,keeppalive,recovered,yes,please check the keepalive now,keeppalive -> keepalive
keepalive,networking,single_word,1,synthetic,respell,keepalyve,recovered,yes,please check the keepalive now,keepalyve -> keepalive
network interface controller,networking,phrase,3,canonical,canonical,network interface controller,recovered,yes,please check the network interface controller now,
network interface controller,networking,phrase,3,synthetic,vowel_swap,network interfoce controller,recovered,yes,please check the network interface controller now,network interfoce controller -> network interface controller
network interface controller,networking,phrase,3,synthetic,consonant_swap,nedwork interface controller,recovered,yes,please check the network interface controller now,nedwork interface controller -> network interface controller
network interface controller,networking,phrase,3,synthetic,double_consonant,netwwork interface controller,recovered,yes,please check the network interface controller now,netwwork interface controller -> network interface controller
network interface controller,networking,phrase,3,synthetic,drop_last,networ interface controller,recovered,yes,please check the network interface controller now,networ interface controller -> network interface controller
network interface controller,networking,phrase,3,synthetic,respell,network ynterface controller,missed,no,please check the network ynterface controller now,
network interface controller,networking,phrase,3,synthetic,split_word,network inte rface controller,missed,no,please check the network inte rface controller now,
network interface controller,networking,phrase,3,synthetic,merge_words,network interfacecontroller,recovered,yes,please check the network interface controller now,network interfacecontroller -> network interface controller
network interface controller,networking,phrase,3,synthetic,swap_words,network controller interface,recovered,yes,please check the network interface controller now,network controller interface -> network interface controller
network interface controller,networking,phrase,3,synthetic,vowel_swap,network interface cantroller,recovered,yes,please check the network interface controller now,network interface cantroller -> network interface controller
network interface controller,networking,phrase,3,synthetic,consonant_swap,network imterface controller,recovered,yes,please check the network interface controller now,network imterface controller -> network interface controller
NIC,networking,acronym,1,canonical,canonical,NIC,recovered,yes,please check the NIC now,
NIC,networking,acronym,1,spelled,spelled,en eye see,recovered,yes,please check the NIC now,en eye see -> NIC
NIC,networking,acronym,1,spelled,spelled_alt,enn i cee,recovered,yes,please check the NIC now,enn i cee -> NIC
NIC,networking,acronym,1,synthetic,vowel_swap,nec,missed,no,please check the nec now,
NIC,networking,acronym,1,synthetic,consonant_swap,nik,missed,no,please check the nik now,
NIC,networking,acronym,1,synthetic,add_suffix,nicd,recovered,yes,please check the NIC now,nicd -> NIC
NIC,networking,acronym,1,synthetic,respell,nyc,missed,no,please check the nyc now,
NIC,networking,acronym,1,synthetic,vowel_swap,nuc,missed,no,please check the nuc now,
NIC,networking,acronym,1,synthetic,consonant_swap,mic,missed,no,please check the mic now,
NIC,networking,acronym,1,synthetic,add_suffix,nict,recovered,yes,please check the NIC now,nict -> NIC
NIC,networking,acronym,1,synthetic,vowel_swap,noc,missed,no,please check the noc now,
network address translation,networking,phrase,3,canonical,canonical,network address translation,recovered,yes,please check the network address translation now,
network address translation,networking,phrase,3,synthetic,vowel_swap,network address translatuon,recovered,yes,please check the network address translation now,network address translatuon -> network address translation
network address translation,networking,phrase,3,synthetic,consonant_swap,network atdress translation,recovered,yes,please check the network address translation now,network atdress translation -> network address translation
network address translation,networking,phrase,3,synthetic,double_consonant,network addres translation,recovered,yes,please check the network address translation now,network addres translation -> network address translation
network address translation,networking,phrase,3,synthetic,drop_last,network address translatio,recovered,yes,please check the network address translation now,network address translatio -> network address translation
network address translation,networking,phrase,3,synthetic,respell,network address translashun,recovered,yes,please check the network address translation now,network address translashun -> network address translation
network address translation,networking,phrase,3,synthetic,split_word,network addr ess translation,recovered,yes,please check the network address translation now,network addr ess translation -> network address translation
network address translation,networking,phrase,3,synthetic,merge_words,networkaddress translation,missed,no,please check the networkaddress translation now,
network address translation,networking,phrase,3,synthetic,swap_words,address network translation,recovered,yes,please check the network address translation now,address network translation -> network address translation
network address translation,networking,phrase,3,synthetic,vowel_swap,network address translatoon,recovered,yes,please check the network address translation now,network address translatoon -> network address translation
network address translation,networking,phrase,3,synthetic,consonant_swap,networg address translation,recovered,yes,please check the network address translation now,networg address translation -> network address translation
domain name system,networking,phrase,3,canonical,canonical,domain name system,recovered,yes,please check the domain name system now,
domain name system,networking,phrase,3,synthetic,vowel_swap,domaan name system,recovered,yes,please check the domain name system now,domaan name system -> domain name system
domain name system,networking,phrase,3,synthetic,consonant_swap,domain name syztem,recovered,yes,please check the domain name system now,domain name syztem -> domain name system
domain name system,networking,phrase,3,synthetic,double_consonant,domain name syystem,recovered,yes,please check the domain name system now,domain name syystem -> domain name system
domain name system,networking,phrase,3,synthetic,drop_last,domai name system,recovered,yes,please check the domain name system now,domai name system -> domain name system
domain name system,networking,phrase,3,synthetic,respell,domain name sistem,recovered,yes,please check the domain name system now,domain name sistem -> domain name system
domain name system,networking,phrase,3,synthetic,merge_words,domainname system,recovered,yes,please check the domain name system now,domainname system -> domain name system
domain name system,networking,phrase,3,synthetic,swap_words,name domain system,recovered,yes,please check the domain name system now,name domain system -> domain name system
domain name system,networking,phrase,3,synthetic,vowel_swap,demain name system,recovered,yes,please check the domain name system now,demain name system -> domain name system
domain name system,networking,phrase,3,synthetic,consonant_swap,domain nane system,recovered,yes,please check the domain name system now,domain nane system -> domain name system
domain name system,networking,phrase,3,synthetic,double_consonant,domain namme system,recovered,yes,please check the domain name system now,domain namme system -> domain name system
dynamic host configuration protocol,networking,phrase,4,canonical,canonical,dynamic host configuration protocol,recovered,yes,please check the dynamic host configuration protocol now,
dynamic host configuration protocol,networking,phrase,4,synthetic,vowel_swap,dynamic host configuratian protocol,recovered,yes,please check the dynamic host configuration protocol now,dynamic host configuratian protocol -> dynamic host configuration protocol
dynamic host configuration protocol,networking,phrase,4,synthetic,consonant_swap,dynamic host confikuration protocol,recovered,yes,please check the dynamic host configuration protocol now,dynamic host confikuration protocol -> dynamic host configuration protocol
dynamic host configuration protocol,networking,phrase,4,synthetic,double_consonant,dyynamic host configuration protocol,recovered,yes,please check the dynamic host configuration protocol now,dyynamic host configuration protocol -> dynamic host configuration protocol
dynamic host configuration protocol,networking,phrase,4,synthetic,drop_last,dynamic host configuratio protocol,recovered,yes,please check the dynamic host configuration protocol now,dynamic host configuratio protocol -> dynamic host configuration protocol
dynamic host configuration protocol,networking,phrase,4,synthetic,add_suffix,dynamic hostd configuration protocol,recovered,yes,please check the dynamic host configuration protocol now,dynamic hostd configuration protocol -> dynamic host configuration protocol
dynamic host configuration protocol,networking,phrase,4,synthetic,respell,dynamic host configurashun protocol,recovered,yes,please check the dynamic host configuration protocol now,dynamic host configurashun protocol -> dynamic host configuration protocol
dynamic host configuration protocol,networking,phrase,4,synthetic,split_word,dyna mic host configuration protocol,recovered,yes,please check the dynamic host configuration protocol now,dyna mic host configuration protocol -> dynamic host configuration protocol
dynamic host configuration protocol,networking,phrase,4,synthetic,merge_words,dynamic hostconfiguration protocol,missed,no,please check the dynamic hostconfiguration protocol now,
dynamic host configuration protocol,networking,phrase,4,synthetic,swap_words,dynamic configuration host protocol,recovered,yes,please check the dynamic host configuration protocol now,dynamic configuration host protocol -> dynamic host configuration protocol
dynamic host configuration protocol,networking,phrase,4,synthetic,vowel_swap,dynamic host configuration protocil,recovered,yes,please check the dynamic host configuration protocol now,dynamic host configuration protocil -> dynamic host configuration protocol
content delivery network,networking,phrase,3,canonical,canonical,content delivery network,recovered,yes,please check the content delivery network now,
content delivery network,networking,phrase,3,synthetic,vowel_swap,content delovery network,recovered,yes,please check the content delivery network now,content delovery network -> content delivery network
content delivery network,networking,phrase,3,synthetic,consonant_swap,content delivery netwolk,recovered,yes,please check the content delivery network now,content delivery netwolk -> content delivery network
content delivery network,networking,phrase,3,synthetic,double_consonant,content delivery nettwork,recovered,yes,please check the content delivery network now,content delivery nettwork -> content delivery network
content delivery network,networking,phrase,3,synthetic,drop_last,content deliver network,recovered,yes,please check the content delivery network now,content deliver network -> content delivery network
content delivery network,networking,phrase,3,synthetic,respell,content deliveri network,recovered,yes,please check the content delivery network now,content deliveri network -> content delivery network
content delivery network,networking,phrase,3,synthetic,split_word,cont ent delivery network,missed,no,please check the cont ent delivery network now,
content delivery network,networking,phrase,3,synthetic,merge_words,contentdelivery network,recovered,yes,please check the content delivery network now,contentdelivery network -> content delivery network
content delivery network,networking,phrase,3,synthetic,swap_words,delivery content network,recovered,yes,please check the content delivery network now,delivery content network -> content delivery network
content delivery network,networking,phrase,3,synthetic,vowel_swap,content delivery notwork,recovered,yes,please check the content delivery network now,content delivery notwork -> content delivery network
content delivery network,networking,phrase,3,synthetic,consonant_swap,kontent delivery network,recovered,yes,please check the content delivery network now,kontent delivery network -> content delivery network
virtual private network,networking,phrase,3,canonical,canonical,virtual private network,recovered,yes,please check the virtual private network now,
virtual private network,networking,phrase,3,synthetic,vowel_swap,virteal private network,recovered,yes,please check the virtual private network now,virteal private network -> virtual private network
virtual private network,networking,phrase,3,synthetic,consonant_swap,virtual private metwork,recovered,yes,please check the virtual private network now,virtual private metwork -> virtual private network
virtual private network,networking,phrase,3,synthetic,double_consonant,virttual private network,recovered,yes,please check the virtual private network now,virttual private network -> virtual private network
virtual private network,networking,phrase,3,synthetic,drop_last,virtual private networ,recovered,yes,please check the virtual private network now,virtual private networ -> virtual private network
virtual private network,networking,phrase,3,synthetic,respell,vyrtual private network,recovered,yes,please check the virtual private network now,vyrtual private network -> virtual private network
virtual private network,networking,phrase,3,synthetic,split_word,virtual private netw ork,recovered,yes,please check the virtual private network now,virtual private netw ork -> virtual private network
virtual private network,networking,phrase,3,synthetic,merge_words,virtual privatenetwork,garbled,no,please check the virtual private network,virtual privatenetwork now -> virtual private network
virtual private network,networking,phrase,3,synthetic,swap_words,virtual network private,recovered,yes,please check the virtual private network now,virtual network private -> virtual private network
virtual private network,networking,phrase,3,synthetic,vowel_swap,virtual private netwurk,recovered,yes,please check the virtual private network now,virtual private netwurk -> virtual private network
virtual private network,networking,phrase,3,synthetic,consonant_swap,virtual privade network,recovered,yes,please check the virtual private network now,virtual privade network -> virtual private network
IPsec,security,single_word,1,canonical,canonical,IPsec,recovered,yes,please check the IPsec now,
IPsec,security,single_word,1,synthetic,vowel_swap,apsec,missed,no,please check the apsec now,
IPsec,security,single_word,1,synthetic,consonant_swap,ipzec,recovered,yes,please check the IPsec now,ipzec -> IPsec
IPsec,security,single_word,1,synthetic,double_consonant,ipssec,recovered,yes,please check the IPsec now,ipssec -> IPsec
IPsec,security,single_word,1,synthetic,drop_last,ipse,recovered,yes,please check the IPsec now,ipse -> IPsec
IPsec,security,single_word,1,synthetic,respell,ipcec,recovered,yes,please check the IPsec now,ipcec -> IPsec
IPsec,security,single_word,1,synthetic,vowel_swap,ipsuc,recovered,yes,please check the IPsec now,ipsuc -> IPsec
IPsec,security,single_word,1,synthetic,consonant_swap,ipsek,recovered,yes,please check the IPsec now,ipsek -> IPsec
IPsec,security,single_word,1,synthetic,double_consonant,ippsec,recovered,yes,please check the IPsec now,ippsec -> IPsec
IPsec,security,single_word,1,synthetic,respell,ypsec,missed,no,please check the ypsec now,
IPsec,security,single_word,1,synthetic,vowel_swap,ipsac,recovered,yes,please check the IPsec now,ipsac -> IPsec
certificate authority,security,phrase,2,canonical,canonical,certificate authority,recovered,yes,please check the certificate authority now,
certificate authority,security,phrase,2,synthetic,vowel_swap,certificate authoraty,missed,no,please check the certificate authoraty now,
certificate authority,security,phrase,2,synthetic,consonant_swap,certivicate authority,recovered,yes,please check the certificate authority now,certivicate authority -> certificate authority
certificate authority,security,phrase,2,synthetic,double_consonant,cerrtificate authority,recovered,yes,please check the certificate authority now,cerrtificate authority -> certificate authority
certificate authority,security,phrase,2,synthetic,drop_last,certificate authorit,missed,no,please check the certificate authorit now,
certificate authority,security,phrase,2,synthetic,respell,certifycate authority,recovered,yes,please check the certificate authority now,certifycate authority -> certificate authority
certificate authority,security,phrase,2,synthetic,split_word,certi ficate authority,recovered,yes,please check the certificate authority now,certi ficate -> certificate
certificate authority,security,phrase,2,synthetic,merge_words,certificateauthority,missed,no,please check the certificateauthority now,
certificate authority,security,phrase,2,synthetic,swap_words,authority certificate,missed,no,please check the authority certificate now,
certificate authority,security,phrase,2,synthetic,vowel_swap,certificate authorety,missed,no,please check the certificate authorety now,
certificate authority,security,phrase,2,synthetic,consonant_swap,celtificate authority,recovered,yes,please check the certificate authority now,celtificate authority -> certificate authority
public key infrastructure,security,phrase,3,canonical,canonical,public key infrastructure,recovered,yes,please check the public key infrastructure now,
public key infrastructure,security,phrase,3,synthetic,vowel_swap,public key enfrastructure,recovered,yes,please check the public key infrastructure now,public key enfrastructure -> public key infrastructure
public key infrastructure,security,phrase,3,synthetic,consonant_swap,public key infrasdructure,recovered,yes,please check the public key infrastructure now,public key infrasdructure -> public key infrastructure
public key infrastructure,security,phrase,3,synthetic,double_consonant,publlic key infrastructure,recovered,yes,please check the public key infrastructure now,publlic key infrastructure -> public key infrastructure
public key infrastructure,security,phrase,3,synthetic,drop_last,publi key infrastructure,recovered,yes,please check the public key infrastructure now,publi key infrastructure -> public key infrastructure
public key infrastructure,security,phrase,3,synthetic,respell,public key ynfrastructure,missed,no,please check the public key ynfrastructure now,
public key infrastructure,security,phrase,3,synthetic,split_word,public key infrastr ucture,garbled,no,please check the public key infrastructure ucture now,public key infrastr -> public key infrastructure
public key infrastructure,security,phrase,3,synthetic,merge_words,publickey infrastructure,recovered,yes,please check the public key infrastructure now,publickey infrastructure -> public key infrastructure
public key infrastructure,security,phrase,3,synthetic,swap_words,public infrastructure key,recovered,yes,please check the public key infrastructure now,public infrastructure key -> public key infrastructure
public key infrastructure,security,phrase,3,synthetic,vowel_swap,public key infrustructure,recovered,yes,please check the public key infrastructure now,public key infrustructure -> public key infrastructure
public key infrastructure,security,phrase,3,synthetic,consonant_swap,pubric key infrastructure,recovered,yes,please check the public key infrastructure now,pubric key infrastructure -> public key infrastructure
digital certificate,security,phrase,2,canonical,canonical,digital certificate,recovered,yes,please check the digital certificate now,
digital certificate,security,phrase,2,synthetic,vowel_swap,digital certifecate,recovered,yes,please check the digital certificate now,digital certifecate -> digital certificate
digital certificate,security,phrase,2,synthetic,consonant_swap,digital certivicate,recovered,yes,please check the digital certificate now,digital certivicate -> digital certificate
digital certificate,security,phrase,2,synthetic,double_consonant,diggital certificate,missed,no,please check the diggital certificate now,
digital certificate,security,phrase,2,synthetic,drop_last,digital certificat,recovered,yes,please check the digital certificate now,digital certificat -> digital certificate
digital certificate,security,phrase,2,synthetic,respell,digital certifycate,recovered,yes,please check the digital certificate now,digital certifycate -> digital certificate
digital certificate,security,phrase,2,synthetic,split_word,digi tal certificate,missed,no,please check the digi tal certificate now,
digital certificate,security,phrase,2,synthetic,merge_words,digitalcertificate,missed,no,please check the digitalcertificate now,
digital certificate,security,phrase,2,synthetic,swap_words,certificate digital,missed,no,please check the certificate digital now,
digital certificate,security,phrase,2,synthetic,vowel_swap,digital certeficate,recovered,yes,please check the digital certificate now,digital certeficate -> digital certificate
digital certificate,security,phrase,2,synthetic,consonant_swap,tigital certificate,missed,no,please check the tigital certificate now,
certificate chain,security,phrase,2,canonical,canonical,certificate chain,recovered,yes,please check the certificate chain now,
certificate chain,security,phrase,2,synthetic,vowel_swap,certificate chein,missed,no,please check the certificate chein now,
certificate chain,security,phrase,2,synthetic,consonant_swap,kertificate chain,recovered,yes,please check the certificate chain now,kertificate -> certificate
certificate chain,security,phrase,2,synthetic,double_consonant,certificatte chain,recovered,yes,please check the certificate chain now,certificatte chain -> certificate chain
certificate chain,security,phrase,2,synthetic,drop_last,certificate chai,missed,no,please check the certificate chai now,
certificate chain,security,phrase,2,synthetic,respell,sertificate chain,recovered,yes,please check the certificate chain now,sertificate -> certificate
certificate chain,security,phrase,2,synthetic,split_word,cert ificate chain,recovered,yes,please check the certificate chain now,cert ificate -> certificate
certificate chain,security,phrase,2,synthetic,merge_words,certificatechain,recovered,yes,please check the certificate chain now,certificatechain -> certificate chain
certificate chain,security,phrase,2,synthetic,swap_words,chain certificate,missed,no,please check the chain certificate now,
certificate chain,security,phrase,2,synthetic,vowel_swap,certificate chiin,missed,no,please check the certificate chiin now,
certificate chain,security,phrase,2,synthetic,consonant_swap,certificate chaim,missed,no,please check the certificate chaim now,
certificate pinning,security,phrase,2,canonical,canonical,certificate pinning,recovered,yes,please check the certificate pinning now,
certificate pinning,security,phrase,2,synthetic,vowel_swap,certificate punning,missed,no,please check the certificate punning now,
certificate pinning,security,phrase,2,synthetic,consonant_swap,cerdificate pinning,recovered,yes,please check the certificate pinning now,cerdificate pinning -> certificate pinning
certificate pinning,security,phrase,2,synthetic,double_consonant,certtificate pinning,recovered,yes,please check the certificate pinning now,certtificate pinning -> certificate pinning
certificate pinning,security,phrase,2,synthetic,drop_last,certificat pinning,recovered,yes,please check the certificate pinning now,certificat pinning -> certificate pinning
certificate pinning,security,phrase,2,synthetic,respell,certificate pinnyng,missed,no,please check the certificate pinnyng now,
certificate pinning,security,phrase,2,synthetic,split_word,certificate pin ning,missed,no,please check the certificate pin ning now,
certificate pinning,security,phrase,2,synthetic,merge_words,certificatepinning,wrong,no,please check the certificate now,certificatepinning -> certificate
certificate pinning,security,phrase,2,synthetic,swap_words,pinning certificate,missed,no,please check the pinning certificate now,
certificate pinning,security,phrase,2,synthetic,vowel_swap,certificate penning,missed,no,please check the certificate penning now,
certificate pinning,security,phrase,2,synthetic,consonant_swap,certificate binning,missed,no,please check the certificate binning now,
OCSP stapling,security,phrase,2,canonical,canonical,OCSP stapling,recovered,yes,please check the OCSP stapling now,
OCSP stapling,security,phrase,2,spelled_token,spell_token,oh see ess pea stapling,recovered,yes,please check the OCSP stapling now,oh see ess pea -> OCSP
OCSP stapling,security,phrase,2,synthetic,vowel_swap,ocsp stupling,missed,no,please check the OCSP stupling now,ocsp -> OCSP
OCSP stapling,security,phrase,2,synthetic,consonant_swap,ocsp stapring,missed,no,please check the OCSP stapring now,ocsp -> OCSP
OCSP stapling,security,phrase,2,synthetic,double_consonant,ocsp staplling,missed,no,please check the OCSP staplling now,ocsp -> OCSP
OCSP stapling,security,phrase,2,synthetic,drop_last,ocsp staplin,missed,no,please check the OCSP staplin now,ocsp -> OCSP
OCSP stapling,security,phrase,2,synthetic,add_suffix,ocspt stapling,recovered,yes,please check the OCSP stapling now,ocspt stapling -> OCSP stapling
OCSP stapling,security,phrase,2,synthetic,respell,ocsp staplyng,missed,no,please check the OCSP staplyng now,ocsp -> OCSP
OCSP stapling,security,phrase,2,synthetic,split_word,ocsp stap ling,missed,no,please check the OCSP stap ling now,ocsp -> OCSP
OCSP stapling,security,phrase,2,synthetic,merge_words,ocspstapling,recovered,yes,please check the OCSP stapling now,ocspstapling -> OCSP stapling
OCSP stapling,security,phrase,2,synthetic,swap_words,stapling ocsp,missed,no,please check the stapling OCSP now,ocsp -> OCSP
OCSP stapling,security,phrase,2,synthetic,vowel_swap,ocsp stepling,missed,no,please check the OCSP stepling now,ocsp -> OCSP
OCSP,security,acronym,1,canonical,canonical,OCSP,recovered,yes,please check the OCSP now,
OCSP,security,acronym,1,spelled,spelled,oh see ess pea,recovered,yes,please check the OCSP now,oh see ess pea -> OCSP
OCSP,security,acronym,1,spelled,spelled_alt,o cee es pe,recovered,yes,please check the OCSP now,o cee es pe -> OCSP
OCSP,security,acronym,1,synthetic,vowel_swap,ecsp,wrong,no,please check the CSP now,ecsp -> CSP
OCSP,security,acronym,1,synthetic,consonant_swap,ocsb,missed,no,please check the ocsb now,
OCSP,security,acronym,1,synthetic,double_consonant,occsp,recovered,yes,please check the OCSP now,occsp -> OCSP
OCSP,security,acronym,1,synthetic,add_suffix,ocspt,recovered,yes,please check the OCSP now,ocspt -> OCSP
OCSP,security,acronym,1,synthetic,vowel_swap,ucsp,wrong,no,please check the CSP now,ucsp -> CSP
OCSP,security,acronym,1,synthetic,consonant_swap,oczp,recovered,yes,please check the OCSP now,oczp -> OCSP
OCSP,security,acronym,1,synthetic,double_consonant,ocssp,recovered,yes,please check the OCSP now,ocssp -> OCSP
OCSP,security,acronym,1,synthetic,add_suffix,ocspd,recovered,yes,please check the OCSP now,ocspd -> OCSP
OCSP,security,acronym,1,synthetic,vowel_swap,icsp,wrong,no,please check the ISP now,icsp -> ISP
OCSP,security,acronym,1,synthetic,consonant_swap,oksp,recovered,yes,please check the OCSP now,oksp -> OCSP
CRL,security,acronym,1,canonical,canonical,CRL,recovered,yes,please check the CRL now,
CRL,security,acronym,1,spelled,spelled,see are el,recovered,yes,please check the CRL now,see are el -> CRL
CRL,security,acronym,1,spelled,spelled_alt,sea arr ell,recovered,yes,please check the CRL now,sea arr ell -> CRL
X.509,security,acronym_digits,1,canonical,canonical,X.509,recovered,yes,please check the X.509 now,
X.509,security,acronym_digits,1,synthetic,spoken_digits,x dot five oh nine,missed,no,please check the x dot five oh nine now,
X.509,security,acronym_digits,1,synthetic,spoken_digits_spelled,ex dot five oh nine,missed,no,please check the ex dot five oh nine now,
key management service,security,phrase,3,canonical,canonical,key management service,recovered,yes,please check the key management service now,
key management service,security,phrase,3,synthetic,vowel_swap,key managemunt service,recovered,yes,please check the key management service now,key managemunt service -> key management service
key management service,security,phrase,3,synthetic,consonant_swap,key managemend service,recovered,yes,please check the key management service now,key managemend service -> key management service
key management service,security,phrase,3,synthetic,double_consonant,key managemennt service,recovered,yes,please check the key management service now,key managemennt service -> key management service
key management service,security,phrase,3,synthetic,drop_last,key management servic,recovered,yes,please check the key management service now,key management servic -> key management service
key management service,security,phrase,3,synthetic,respell,key management servyce,recovered,yes,please check the key management service now,key management servyce -> key management service
key management service,security,phrase,3,synthetic,split_word,key management ser vice,garbled,no,please check the key management service vice now,key management ser -> key management service
key management service,security,phrase,3,synthetic,merge_words,key managementservice,recovered,yes,please check the key management service now,key managementservice -> key management service
key management service,security,phrase,3,synthetic,swap_words,key service management,recovered,yes,please check the key management service now,key service management -> key management service
key management service,security,phrase,3,synthetic,vowel_swap,key management sorvice,recovered,yes,please check the key management service now,key management sorvice -> key management service
key management service,security,phrase,3,synthetic,consonant_swap,key management zervice,recovered,yes,please check the key management service now,key management zervice -> key management service
hardware security module,security,phrase,3,canonical,canonical,hardware security module,recovered,yes,please check the hardware security module now,
hardware security module,security,phrase,3,synthetic,vowel_swap,hardwara security module,recovered,yes,please check the hardware security module now,hardwara security module -> hardware security module
hardware security module,security,phrase,3,synthetic,consonant_swap,hardware securidy module,recovered,yes,please check the hardware security module now,hardware securidy module -> hardware security module
hardware security module,security,phrase,3,synthetic,double_consonant,hardware security modulle,recovered,yes,please check the hardware security module now,hardware security modulle -> hardware security module
hardware security module,security,phrase,3,synthetic,drop_last,hardwar security module,recovered,yes,please check the hardware security module now,hardwar security module -> hardware security module
hardware security module,security,phrase,3,synthetic,respell,hardware cecurity module,recovered,yes,please check the hardware security module now,hardware cecurity module -> hardware security module
hardware security module,security,phrase,3,synthetic,split_word,hardware secur ity module,recovered,yes,please check the hardware security module now,hardware secur ity module -> hardware security module
hardware security module,security,phrase,3,synthetic,merge_words,hardwaresecurity module,garbled,no,please check the hardware security module module now,hardwaresecurity -> hardware security module
hardware security module,security,phrase,3,synthetic,swap_words,hardware module security,recovered,yes,please check the hardware security module now,hardware module security -> hardware security module
hardware security module,security,phrase,3,synthetic,vowel_swap,hardware sucurity module,recovered,yes,please check the hardware security module now,hardware sucurity module -> hardware security module
hardware security module,security,phrase,3,synthetic,consonant_swap,hardware security nodule,recovered,yes,please check the hardware security module now,hardware security nodule -> hardware security module
key rotation,security,phrase,2,canonical,canonical,key rotation,recovered,yes,please check the key rotation now,
key rotation,security,phrase,2,synthetic,vowel_swap,key rotution,recovered,yes,please check the key rotation now,key rotution -> key rotation
key rotation,security,phrase,2,synthetic,consonant_swap,key rotatiom,recovered,yes,please check the key rotation now,key rotatiom -> key rotation
key rotation,security,phrase,2,synthetic,double_consonant,key rotattion,recovered,yes,please check the key rotation now,key rotattion -> key rotation
key rotation,security,phrase,2,synthetic,drop_last,key rotatio,recovered,yes,please check the key rotation now,key rotatio -> key rotation
key rotation,security,phrase,2,synthetic,respell,key rotatyon,recovered,yes,please check the key rotation now,key rotatyon -> key rotation
key rotation,security,phrase,2,synthetic,split_word,key rota tion,recovered,yes,please check the key rotation now,key rota tion -> key rotation
key rotation,security,phrase,2,synthetic,merge_words,keyrotation,recovered,yes,please check the key rotation now,keyrotation -> key rotation
key rotation,security,phrase,2,synthetic,swap_words,rotation key,recovered,yes,please check the key rotation now,rotation key -> key rotation
key rotation,security,phrase,2,synthetic,vowel_swap,key rotatian,recovered,yes,please check the key rotation now,key rotatian -> key rotation
key rotation,security,phrase,2,synthetic,consonant_swap,key rodation,recovered,yes,please check the key rotation now,key rodation -> key rotation
envelope encryption,security,phrase,2,canonical,canonical,envelope encryption,recovered,yes,please check the envelope encryption now,
envelope encryption,security,phrase,2,synthetic,vowel_swap,envilope encryption,missed,no,please check the envilope encryption now,
envelope encryption,security,phrase,2,synthetic,consonant_swap,emvelope encryption,missed,no,please check the emvelope encryption now,
envelope encryption,security,phrase,2,synthetic,double_consonant,envelope encrypption,recovered,yes,please check the envelope encryption now,envelope encrypption -> envelope encryption
envelope encryption,security,phrase,2,synthetic,drop_last,envelope encryptio,recovered,yes,please check the envelope encryption now,envelope encryptio -> envelope encryption
envelope encryption,security,phrase,2,synthetic,respell,envelope encryptyon,recovered,yes,please check the envelope encryption now,envelope encryptyon -> envelope encryption
envelope encryption,security,phrase,2,synthetic,split_word,envel ope encryption,missed,no,please check the envel ope encryption now,
envelope encryption,security,phrase,2,synthetic,merge_words,envelopeencryption,missed,no,please check the envelopeencryption now,
envelope encryption,security,phrase,2,synthetic,swap_words,encryption envelope,missed,no,please check the encryption envelope now,
envelope encryption,security,phrase,2,synthetic,vowel_swap,envelupe encryption,missed,no,please check the envelupe encryption now,
envelope encryption,security,phrase,2,synthetic,consonant_swap,envelobe encryption,missed,no,please check the envelobe encryption now,
data encryption key,security,phrase,3,canonical,canonical,data encryption key,recovered,yes,please check the data encryption key now,
data encryption key,security,phrase,3,synthetic,vowel_swap,dati encryption key,missed,no,please check the dati encryption key now,
data encryption key,security,phrase,3,synthetic,consonant_swap,data emcryption key,recovered,yes,please check the data encryption key now,data emcryption key -> data encryption key
data encryption key,security,phrase,3,synthetic,double_consonant,data encryyption key,recovered,yes,please check the data encryption key now,encryyption -> encryption
data encryption key,security,phrase,3,synthetic,drop_last,data encryptio key,recovered,yes,please check the data encryption key now,data encryptio key -> data encryption key
data encryption key,security,phrase,3,synthetic,respell,data encryptyon key,recovered,yes,please check the data encryption key now,data encryptyon key -> data encryption key
data encryption key,security,phrase,3,synthetic,split_word,data encr yption key,recovered,yes,please check the data encryption key now,encr yption -> encryption
data encryption key,security,phrase,3,synthetic,merge_words,dataencryption key,missed,no,please check the dataencryption key now,
data encryption key,security,phrase,3,synthetic,swap_words,encryption data key,missed,no,please check the encryption data key now,
data encryption key,security,phrase,3,synthetic,vowel_swap,data encryptoon key,recovered,yes,please check the data encryption key now,data encryptoon key -> data encryption key
data encryption key,security,phrase,3,synthetic,consonant_swap,data encrybtion key,recovered,yes,please check the data encryption key now,data encrybtion key -> data encryption key
key encryption key,security,phrase,3,canonical,canonical,key encryption key,recovered,yes,please check the key encryption key now,
key encryption key,security,phrase,3,synthetic,vowel_swap,key encryptiun key,recovered,yes,please check the key encryption key now,key encryptiun key -> key encryption key
key encryption key,security,phrase,3,synthetic,consonant_swap,key enkryption key,recovered,yes,please check the key encryption key now,key enkryption key -> key encryption key
key encryption key,security,phrase,3,synthetic,double_consonant,key enccryption key,recovered,yes,please check the key encryption key now,enccryption -> encryption
key encryption key,security,phrase,3,synthetic,drop_last,key encryptio key,recovered,yes,please check the key encryption key now,key encryptio key -> key encryption key
key encryption key,security,phrase,3,synthetic,respell,key encrypshun key,recovered,yes,please check the key encryption key now,key encrypshun key -> key encryption key
key encryption key,security,phrase,3,synthetic,split_word,key encr yption key,recovered,yes,please check the key encryption key now,encr yption -> encryption
key encryption key,security,phrase,3,synthetic,merge_words,keyencryption key,missed,no,please check the keyencryption key now,
key encryption key,security,phrase,3,synthetic,swap_words,key key encryption,missed,no,please check the key key encryption now,
key encryption key,security,phrase,3,synthetic,vowel_swap,key encryptien key,recovered,yes,please check the key encryption key now,key encryptien key -> key encryption key
key encryption key,security,phrase,3,synthetic,consonant_swap,key encryptiom key,recovered,yes,please check the key encryption key now,key encryptiom key -> key encryption key
identity and access management,security,phrase,4,canonical,canonical,identity and access management,recovered,yes,please check the identity and access management now,
identity and access management,security,phrase,4,synthetic,vowel_swap,identity and access menagement,recovered,yes,please check the identity and access management now,identity and access menagement -> identity and access management
identity and access management,security,phrase,4,synthetic,consonant_swap,identity and access nanagement,recovered,yes,please check the identity and access management now,identity and access nanagement -> identity and access management
identity and access management,security,phrase,4,synthetic,double_consonant,identity and access managgement,recovered,yes,please check the identity and access management now,identity and access managgement -> identity and access management
identity and access management,security,phrase,4,synthetic,drop_last,identit and access management,recovered,yes,please check the identity and access management now,identit and access management -> identity and access management
identity and access management,security,phrase,4,synthetic,respell,identiti and access management,recovered,yes,please check the identity and access management now,identiti and access management -> identity and access management
identity and access management,security,phrase,4,synthetic,split_word,identity and access manag ement,garbled,no,please check the identity and access management ement now,identity and access manag -> identity and access management
identity and access management,security,phrase,4,synthetic,merge_words,identityand access management,recovered,yes,please check the identity and access management now,identityand access management -> identity and access management
identity and access management,security,phrase,4,synthetic,swap_words,identity and management access,recovered,yes,please check the identity and access management now,identity and management access -> identity and access management
identity and access management,security,phrase,4,synthetic,drop_filler,identity access management,recovered,yes,please check the identity and access management now,identity access management -> identity and access management
identity and access management,security,phrase,4,synthetic,vowel_swap,identity and access manogement,recovered,yes,please check the identity and access management now,identity and access manogement -> identity and access management
role-based access control,security,phrase,4,canonical,canonical,role-based access control,recovered,yes,please check the role-based access control now,
role-based access control,security,phrase,4,synthetic,vowel_swap,role basod access control,missed,no,please check the role basod access control now,
role-based access control,security,phrase,4,synthetic,consonant_swap,role based access kontrol,missed,no,please check the role based access kontrol now,
role-based access control,security,phrase,4,synthetic,double_consonant,role based acces control,missed,no,please check the role based acces control now,
role-based access control,security,phrase,4,synthetic,drop_last,role based access contro,wrong,no,please check the role based access point now,access contro -> access point
role-based access control,security,phrase,4,synthetic,respell,role based acsess control,missed,no,please check the role based acsess control now,
role-based access control,security,phrase,4,synthetic,split_word,role based access con trol,wrong,no,please check the role based access point trol now,access con -> access point
role-based access control,security,phrase,4,synthetic,merge_words,rolebased access control,recovered,yes,please check the role-based access control now,rolebased access control -> role-based access control
role-based access control,security,phrase,4,synthetic,swap_words,role based control access,missed,no,please check the role based control access now,
role-based access control,security,phrase,4,synthetic,vowel_swap,role based iccess control,missed,no,please check the role based iccess control now,
role-based access control,security,phrase,4,synthetic,consonant_swap,role pased access control,recovered,yes,please check the role-based access control now,role pased access control -> role-based access control
attribute-based access control,security,phrase,4,canonical,canonical,attribute-based access control,recovered,yes,please check the attribute-based access control now,
attribute-based access control,security,phrase,4,synthetic,vowel_swap,attribute based accoss control,recovered,yes,please check the attribute-based access control now,attribute based accoss control -> attribute-based access control
attribute-based access control,security,phrase,4,synthetic,consonant_swap,adtribute based access control,recovered,yes,please check the attribute-based access control now,adtribute based access control -> attribute-based access control
attribute-based access control,security,phrase,4,synthetic,double_consonant,attribute bassed access control,recovered,yes,please check the attribute-based access control now,attribute bassed access control -> attribute-based access control
attribute-based access control,security,phrase,4,synthetic,drop_last,attribute based acces control,recovered,yes,please check the attribute-based access control now,attribute based acces control -> attribute-based access control
attribute-based access control,security,phrase,4,synthetic,respell,attrybute based access control,recovered,yes,please check the attribute-based access control now,attrybute based access control -> attribute-based access control
attribute-based access control,security,phrase,4,synthetic,split_word,attribute based access con trol,recovered,yes,please check the attribute-based access control now,attribute based access con trol -> attribute-based access control
attribute-based access control,security,phrase,4,synthetic,merge_words,attribute based accesscontrol,missed,no,please check the attribute based accesscontrol now,
attribute-based access control,security,phrase,4,synthetic,swap_words,based attribute access control,recovered,yes,please check the attribute-based access control now,based attribute access control -> attribute-based access control
attribute-based access control,security,phrase,4,synthetic,vowel_swap,attributi based access control,recovered,yes,please check the attribute-based access control now,attributi based access control -> attribute-based access control
attribute-based access control,security,phrase,4,synthetic,consonant_swap,attribute based accesz control,recovered,yes,please check the attribute-based access control now,attribute based accesz control -> attribute-based access control
least privilege,security,phrase,2,canonical,canonical,least privilege,recovered,yes,please check the least privilege now,
least privilege,security,phrase,2,synthetic,vowel_swap,luast privilege,recovered,yes,please check the least privilege now,luast privilege -> least privilege
least privilege,security,phrase,2,synthetic,consonant_swap,reast privilege,missed,no,please check the reast privilege now,
least privilege,security,phrase,2,synthetic,double_consonant,least privilegge,recovered,yes,please check the least privilege now,least privilegge -> least privilege
least privilege,security,phrase,2,synthetic,drop_last,least privileg,recovered,yes,please check the least privilege now,least privileg -> least privilege
least privilege,security,phrase,2,synthetic,respell,least pryvilege,recovered,yes,please check the least privilege now,least pryvilege -> least privilege
least privilege,security,phrase,2,synthetic,split_word,least pri vilege,garbled,no,please check the least privilege vilege now,least pri -> least privilege
least privilege,security,phrase,2,synthetic,merge_words,leastprivilege,recovered,yes,please check the least privilege now,leastprivilege -> least privilege
least privilege,security,phrase,2,synthetic,swap_words,privilege least,recovered,yes,please check the least privilege now,privilege least -> least privilege
least privilege,security,phrase,2,synthetic,vowel_swap,least provilege,recovered,yes,please check the least privilege now,least provilege -> least privilege
least privilege,security,phrase,2,synthetic,consonant_swap,leasd privilege,recovered,yes,please check the least privilege now,leasd privilege -> least privilege
privileged access management,security,phrase,3,canonical,canonical,privileged access management,recovered,yes,please check the privileged access management now,
privileged access management,security,phrase,3,synthetic,vowel_swap,privileged access managemint,recovered,yes,please check the privileged access management now,privileged access managemint -> privileged access management
privileged access management,security,phrase,3,synthetic,consonant_swap,privileged access mamagement,recovered,yes,please check the privileged access management now,privileged access mamagement -> privileged access management
privileged access management,security,phrase,3,synthetic,double_consonant,privileged acess management,recovered,yes,please check the privileged access management now,privileged acess management -> privileged access management
privileged access management,security,phrase,3,synthetic,drop_last,privileged acces management,recovered,yes,please check the privileged access management now,privileged acces management -> privileged access management
privileged access management,security,phrase,3,synthetic,respell,pryvileged access management,recovered,yes,please check the privileged access management now,pryvileged access management -> privileged access management
privileged access management,security,phrase,3,synthetic,split_word,privileged access mana gement,recovered,yes,please check the privileged access management now,privileged access mana gement -> privileged access management
privileged access management,security,phrase,3,synthetic,merge_words,privilegedaccess management,missed,no,please check the privilegedaccess management now,
privileged access management,security,phrase,3,synthetic,swap_words,privileged management access,recovered,yes,please check the privileged access management now,privileged management access -> privileged access management
privileged access management,security,phrase,3,synthetic,vowel_swap,privileged access managemont,recovered,yes,please check the privileged access management now,privileged access managemont -> privileged access management
privileged access management,security,phrase,3,synthetic,consonant_swap,privileged accezs management,recovered,yes,please check the privileged access management now,privileged accezs management -> privileged access management
service principal,security,phrase,2,canonical,canonical,service principal,recovered,yes,please check the service principal now,
service principal,security,phrase,2,synthetic,vowel_swap,servica principal,recovered,yes,please check the service principal now,servica principal -> service principal
service principal,security,phrase,2,synthetic,consonant_swap,service primcipal,recovered,yes,please check the service principal now,service primcipal -> service principal
service principal,security,phrase,2,synthetic,double_consonant,service princippal,recovered,yes,please check the service principal now,service princippal -> service principal
service principal,security,phrase,2,synthetic,drop_last,servic principal,recovered,yes,please check the service principal now,servic principal -> service principal
service principal,security,phrase,2,synthetic,respell,servise principal,recovered,yes,please check the service principal now,servise principal -> service principal
service principal,security,phrase,2,synthetic,split_word,service prin cipal,recovered,yes,please check the service principal now,service prin cipal -> service principal
service principal,security,phrase,2,synthetic,merge_words,serviceprincipal,missed,no,please check the serviceprincipal now,
service principal,security,phrase,2,synthetic,swap_words,principal service,missed,no,please check the principal service now,
service principal,security,phrase,2,synthetic,vowel_swap,servicu principal,recovered,yes,please check the service principal now,servicu principal -> service principal
service principal,security,phrase,2,synthetic,consonant_swap,service brincipal,recovered,yes,please check the service principal now,service brincipal -> service principal
managed identity,security,phrase,2,canonical,canonical,managed identity,recovered,yes,please check the managed identity now,
managed identity,security,phrase,2,synthetic,vowel_swap,managed idantity,recovered,yes,please check the managed identity now,managed idantity -> managed identity
managed identity,security,phrase,2,synthetic,consonant_swap,managed identidy,recovered,yes,please check the managed identity now,managed identidy -> managed identity
managed identity,security,phrase,2,synthetic,double_consonant,managged identity,recovered,yes,please check the managed identity now,managged identity -> managed identity
managed identity,security,phrase,2,synthetic,drop_last,manage identity,recovered,yes,please check the managed identity now,manage identity -> managed identity
managed identity,security,phrase,2,synthetic,respell,managed identyty,recovered,yes,please check the managed identity now,managed identyty -> managed identity
managed identity,security,phrase,2,synthetic,split_word,mana ged identity,recovered,yes,please check the managed identity now,mana ged identity -> managed identity
managed identity,security,phrase,2,synthetic,merge_words,managedidentity,missed,no,please check the managedidentity now,
managed identity,security,phrase,2,synthetic,swap_words,identity managed,garbled,no,please check the managed identity,identity managed now -> managed identity
managed identity,security,phrase,2,synthetic,vowel_swap,menaged identity,recovered,yes,please check the managed identity now,menaged identity -> managed identity
managed identity,security,phrase,2,synthetic,consonant_swap,managed idemtity,recovered,yes,please check the managed identity now,managed idemtity -> managed identity
workload identity,security,phrase,2,canonical,canonical,workload identity,recovered,yes,please check the workload identity now,
workload identity,security,phrase,2,synthetic,vowel_swap,workload odentity,recovered,yes,please check the workload identity now,workload odentity -> workload identity
workload identity,security,phrase,2,synthetic,consonant_swap,wolkload identity,recovered,yes,please check the workload identity now,wolkload identity -> workload identity
workload identity,security,phrase,2,synthetic,double_consonant,workload iddentity,recovered,yes,please check the workload identity now,workload iddentity -> workload identity
workload identity,security,phrase,2,synthetic,drop_last,workloa identity,recovered,yes,please check the workload identity now,workloa identity -> workload identity
workload identity,security,phrase,2,synthetic,respell,workload ydentity,missed,no,please check the workload ydentity now,
workload identity,security,phrase,2,synthetic,split_word,work load identity,garbled,no,please check the work workload identity now,load identity -> workload identity
workload identity,security,phrase,2,synthetic,merge_words,workloadidentity,missed,no,please check the workloadidentity now,
workload identity,security,phrase,2,synthetic,swap_words,identity workload,garbled,no,please check the workload identity,identity workload now -> workload identity
workload identity,security,phrase,2,synthetic,vowel_swap,workload adentity,recovered,yes,please check the workload identity now,workload adentity -> workload identity
workload identity,security,phrase,2,synthetic,consonant_swap,workload identidy,recovered,yes,please check the workload identity now,workload identidy -> workload identity
federated identity,security,phrase,2,canonical,canonical,federated identity,recovered,yes,please check the federated identity now,
federated identity,security,phrase,2,synthetic,vowel_swap,fuderated identity,recovered,yes,please check the federated identity now,fuderated identity -> federated identity
federated identity,security,phrase,2,synthetic,consonant_swap,fedelated identity,recovered,yes,please check the federated identity now,fedelated identity -> federated identity
federated identity,security,phrase,2,synthetic,double_consonant,federated identitty,recovered,yes,please check the federated identity now,federated identitty -> federated identity
federated identity,security,phrase,2,synthetic,drop_last,federate identity,recovered,yes,please check the federated identity now,federate identity -> federated identity
federated identity,security,phrase,2,synthetic,respell,federated ydentity,recovered,yes,please check the federated identity now,federated ydentity -> federated identity
federated identity,security,phrase,2,synthetic,split_word,fede rated identity,missed,no,please check the fede rated identity now,
federated identity,security,phrase,2,synthetic,merge_words,federatedidentity,recovered,yes,please check the federated identity now,federatedidentity -> federated identity
federated identity,security,phrase,2,synthetic,swap_words,identity federated,garbled,no,please check the federated identity,identity federated now -> federated identity
federated identity,security,phrase,2,synthetic,vowel_swap,federated identuty,recovered,yes,please check the federated identity now,federated identuty -> federated identity
federated identity,security,phrase,2,synthetic,consonant_swap,feterated identity,recovered,yes,please check the federated identity now,feterated identity -> federated identity
single sign-on,security,phrase,3,canonical,canonical,single sign-on,recovered,yes,please check the single sign-on now,
single sign-on,security,phrase,3,synthetic,vowel_swap,sungle sign on,missed,no,please check the sungle sign on now,
single sign-on,security,phrase,3,synthetic,consonant_swap,single zign on,missed,no,please check the single zign on now,
single sign-on,security,phrase,3,synthetic,double_consonant,single siggn on,missed,no,please check the single siggn on now,
single sign-on,security,phrase,3,synthetic,drop_last,singl sign on,missed,no,please check the singl sign on now,
single sign-on,security,phrase,3,synthetic,add_suffix,single signt on,garbled,no,please check the single sign-on on now,single signt -> single sign-on
single sign-on,security,phrase,3,synthetic,respell,syngle sign on,missed,no,please check the syngle sign on now,
single sign-on,security,phrase,3,synthetic,merge_words,single signon,recovered,yes,please check the single sign-on now,single signon -> single sign-on
single sign-on,security,phrase,3,synthetic,swap_words,sign single on,missed,no,please check the sign single on now,
single sign-on,security,phrase,3,synthetic,vowel_swap,singla sign on,missed,no,please check the singla sign on now,
single sign-on,security,phrase,3,synthetic,consonant_swap,zingle sign on,missed,no,please check the zingle sign on now,
multifactor authentication,security,phrase,2,canonical,canonical,multifactor authentication,recovered,yes,please check the multifactor authentication now,
multifactor authentication,security,phrase,2,synthetic,vowel_swap,multifuctor authentication,missed,no,please check the multifuctor authentication now,
multifactor authentication,security,phrase,2,synthetic,consonant_swap,multifactor authendication,recovered,yes,please check the multifactor authentication now,multifactor authendication -> multifactor authentication
multifactor authentication,security,phrase,2,synthetic,double_consonant,multifactor authenticattion,recovered,yes,please check the multifactor authentication now,multifactor authenticattion -> multifactor authentication
multifactor authentication,security,phrase,2,synthetic,drop_last,multifacto authentication,missed,no,please check the multifacto authentication now,
multifactor authentication,security,phrase,2,synthetic,respell,multifactor authentycation,recovered,yes,please check the multifactor authentication now,multifactor authentycation -> multifactor authentication
multifactor authentication,security,phrase,2,synthetic,split_word,multifactor authenti cation,recovered,yes,please check the multifactor authentication now,authenti cation -> authentication
multifactor authentication,security,phrase,2,synthetic,merge_words,multifactorauthentication,missed,no,please check the multifactorauthentication now,
multifactor authentication,security,phrase,2,synthetic,swap_words,authentication multifactor,missed,no,please check the authentication multifactor now,
multifactor authentication,security,phrase,2,synthetic,vowel_swap,multifactir authentication,missed,no,please check the multifactir authentication now,
multifactor authentication,security,phrase,2,synthetic,consonant_swap,multivactor authentication,missed,no,please check the multivactor authentication now,
one-time password,security,phrase,3,canonical,canonical,one-time password,recovered,yes,please check the one-time password now,
one-time password,security,phrase,3,synthetic,vowel_swap,one time pissword,missed,no,please check the one time pissword now,
one-time password,security,phrase,3,synthetic,consonant_swap,one time passwold,missed,no,please check the one time passwold now,
one-time password,security,phrase,3,synthetic,double_consonant,one time passworrd,missed,no,please check the one time passworrd now,
one-time password,security,phrase,3,synthetic,drop_last,one time passwor,missed,no,please check the one time passwor now,
one-time password,security,phrase,3,synthetic,respell,one tyme password,missed,no,please check the one tyme password now,
one-time password,security,phrase,3,synthetic,split_word,one time passw ord,missed,no,please check the one time passw ord now,
one-time password,security,phrase,3,synthetic,merge_words,onetime password,recovered,yes,please check the one-time password now,onetime password -> one-time password
one-time password,security,phrase,3,synthetic,swap_words,time one password,garbled,no,please check the time one-time password now,one password -> one-time password
one-time password,security,phrase,3,synthetic,vowel_swap,one timu password,missed,no,please check the one timu password now,
one-time password,security,phrase,3,synthetic,consonant_swap,one tine password,missed,no,please check the one tine password now,
time-based one-time password,security,phrase,5,canonical,canonical,time-based one-time password,recovered,yes,please check the time-based one-time password now,
time-based one-time password,security,phrase,5,synthetic,vowel_swap,time basad one time password,missed,no,please check the time basad one time password now,
time-based one-time password,security,phrase,5,synthetic,consonant_swap,time based one time paszword,missed,no,please check the time based one time paszword now,
time-based one-time password,security,phrase,5,synthetic,double_consonant,time based one time pasword,missed,no,please check the time based one time pasword now,
time-based one-time password,security,phrase,5,synthetic,drop_last,time base one time password,missed,no,please check the time base one time password now,
time-based one-time password,security,phrase,5,synthetic,respell,tyme based one time password,missed,no,please check the tyme based one time password now,
time-based one-time password,security,phrase,5,synthetic,split_word,time based one time passw ord,missed,no,please check the time based one time passw ord now,
time-based one-time password,security,phrase,5,synthetic,merge_words,time based one timepassword,recovered,no,please check the time based one-time password now,one timepassword -> one-time password
time-based one-time password,security,phrase,5,synthetic,swap_words,time based one password time,garbled,no,please check the time based one-time password time now,one password -> one-time password
time-based one-time password,security,phrase,5,synthetic,vowel_swap,time besed one time password,missed,no,please check the time besed one time password now,
time-based one-time password,security,phrase,5,synthetic,consonant_swap,time based one time passwort,missed,no,please check the time based one time passwort now,
FIDO2,security,acronym_digits,1,canonical,canonical,FIDO2,recovered,yes,please check the FIDO2 now,
FIDO2,security,acronym_digits,1,synthetic,spoken_digits,fido two,garbled,no,please check the FIDO2 two now,fido -> FIDO2
FIDO2,security,acronym_digits,1,synthetic,spoken_digits_spelled,ef eye dee oh two,missed,no,please check the ef eye dee oh two now,
WebAuthn,security,single_word,1,canonical,canonical,WebAuthn,recovered,yes,please check the WebAuthn now,
WebAuthn,security,single_word,1,synthetic,vowel_swap,webuuthn,recovered,yes,please check the WebAuthn now,webuuthn -> WebAuthn
WebAuthn,security,single_word,1,synthetic,consonant_swap,webaudhn,recovered,yes,please check the WebAuthn now,webaudhn -> WebAuthn
WebAuthn,security,single_word,1,synthetic,double_consonant,webbauthn,recovered,yes,please check the WebAuthn now,webbauthn -> WebAuthn
WebAuthn,security,single_word,1,synthetic,drop_last,webauth,garbled,no,please check the WebAuthn,webauth now -> WebAuthn
WebAuthn,security,single_word,1,synthetic,split_word,web authn,recovered,yes,please check the WebAuthn now,web authn -> WebAuthn
WebAuthn,security,single_word,1,synthetic,vowel_swap,wobauthn,recovered,yes,please check the WebAuthn now,wobauthn -> WebAuthn
WebAuthn,security,single_word,1,synthetic,consonant_swap,wepauthn,recovered,yes,please check the WebAuthn now,wepauthn -> WebAuthn
WebAuthn,security,single_word,1,synthetic,double_consonant,webautthn,recovered,yes,please check the WebAuthn now,webautthn -> WebAuthn
WebAuthn,security,single_word,1,synthetic,split_word,webau thn,recovered,yes,please check the WebAuthn now,webau thn -> WebAuthn
WebAuthn,security,single_word,1,synthetic,vowel_swap,webouthn,recovered,yes,please check the WebAuthn now,webouthn -> WebAuthn
passkey,security,single_word,1,canonical,canonical,passkey,recovered,yes,please check the passkey now,
passkey,security,single_word,1,synthetic,vowel_swap,passkay,recovered,yes,please check the passkey now,passkay -> passkey
passkey,security,single_word,1,synthetic,consonant_swap,basskey,missed,no,please check the basskey now,
passkey,security,single_word,1,synthetic,double_consonant,paskey,recovered,yes,please check the passkey now,paskey -> passkey
passkey,security,single_word,1,synthetic,drop_last,passke,recovered,yes,please check the passkey now,passke -> passkey
passkey,security,single_word,1,synthetic,respell,passkei,recovered,yes,please check the passkey now,passkei -> passkey
passkey,security,single_word,1,synthetic,split_word,pas skey,recovered,yes,please check the passkey now,pas skey -> passkey
passkey,security,single_word,1,synthetic,vowel_swap,passkuy,recovered,yes,please check the passkey now,passkuy -> passkey
passkey,security,single_word,1,synthetic,consonant_swap,paszkey,recovered,yes,please check the passkey now,paszkey -> passkey
passkey,security,single_word,1,synthetic,double_consonant,passkkey,recovered,yes,please check the passkey now,passkkey -> passkey
passkey,security,single_word,1,synthetic,split_word,pass key,recovered,yes,please check the passkey now,pass key -> passkey
zero trust,security,phrase,2,canonical,canonical,zero trust,recovered,yes,please check the zero trust now,
zero trust,security,phrase,2,synthetic,vowel_swap,zoro trust,recovered,yes,please check the zero trust now,zoro trust -> zero trust
zero trust,security,phrase,2,synthetic,consonant_swap,zero trusd,recovered,yes,please check the zero trust now,zero trusd -> zero trust
zero trust,security,phrase,2,synthetic,double_consonant,zero trusst,recovered,yes,please check the zero trust now,zero trusst -> zero trust
zero trust,security,phrase,2,synthetic,drop_last,zero trus,recovered,yes,please check the zero trust now,zero trus -> zero trust
zero trust,security,phrase,2,synthetic,merge_words,zerotrust,missed,no,please check the zerotrust now,
zero trust,security,phrase,2,synthetic,swap_words,trust zero,missed,no,please check the trust zero now,
zero trust,security,phrase,2,synthetic,vowel_swap,zere trust,recovered,yes,please check the zero trust now,zere trust -> zero trust
zero trust,security,phrase,2,synthetic,consonant_swap,zero drust,recovered,yes,please check the zero trust now,zero drust -> zero trust
zero trust,security,phrase,2,synthetic,double_consonant,zero trrust,recovered,yes,please check the zero trust now,zero trrust -> zero trust
zero trust,security,phrase,2,synthetic,vowel_swap,zuro trust,recovered,yes,please check the zero trust now,zuro trust -> zero trust
zero trust network access,security,phrase,4,canonical,canonical,zero trust network access,recovered,yes,please check the zero trust network access now,
zero trust network access,security,phrase,4,synthetic,vowel_swap,zero trast network access,recovered,yes,please check the zero trust network access now,zero trast network access -> zero trust network access
zero trust network access,security,phrase,4,synthetic,consonant_swap,zero trust network akcess,missed,no,please check the zero trust network akcess now,
zero trust network access,security,phrase,4,synthetic,double_consonant,zero trust network acces,missed,no,please check the zero trust network acces now,
zero trust network access,security,phrase,4,synthetic,drop_last,zero trus network access,recovered,yes,please check the zero trust network access now,zero trus network access -> zero trust network access
zero trust network access,security,phrase,4,synthetic,respell,zero trust network acsess,missed,no,please check the zero trust network acsess now,
zero trust network access,security,phrase,4,synthetic,split_word,zero trust netw ork access,missed,no,please check the zero trust netw ork access now,
zero trust network access,security,phrase,4,synthetic,merge_words,zero trust networkaccess,missed,no,please check the zero trust networkaccess now,
zero trust network access,security,phrase,4,synthetic,swap_words,zero network trust access,recovered,yes,please check the zero trust network access now,zero network trust access -> zero trust network access
zero trust network access,security,phrase,4,synthetic,vowel_swap,zero trest network access,recovered,yes,please check the zero trust network access now,zero trest network access -> zero trust network access
zero trust network access,security,phrase,4,synthetic,consonant_swap,zero trust nedwork access,missed,no,please check the zero trust nedwork access now,
network access control,security,phrase,3,canonical,canonical,network access control,recovered,yes,please check the network access control now,
network access control,security,phrase,3,synthetic,vowel_swap,network uccess control,missed,no,please check the network uccess control now,
network access control,security,phrase,3,synthetic,consonant_swap,network access contlol,recovered,yes,please check the network access control now,network access contlol -> network access control
network access control,security,phrase,3,synthetic,double_consonant,network acces control,recovered,yes,please check the network access control now,network acces control -> network access control
network access control,security,phrase,3,synthetic,drop_last,networ access control,recovered,yes,please check the network access control now,networ access control -> network access control
network access control,security,phrase,3,synthetic,respell,network acsess control,recovered,yes,please check the network access control now,network acsess control -> network access control
network access control,security,phrase,3,synthetic,split_word,network access con trol,garbled,no,please check the network access control trol now,network access con -> network access control
network access control,security,phrase,3,synthetic,merge_words,network accesscontrol,recovered,yes,please check the network access control now,network accesscontrol -> network access control
network access control,security,phrase,3,synthetic,swap_words,access network control,recovered,yes,please check the network access control now,access network control -> network access control
network access control,security,phrase,3,synthetic,vowel_swap,nutwork access control,recovered,yes,please check the network access control now,nutwork access control -> network access control
network access control,security,phrase,3,synthetic,consonant_swap,network ackess control,recovered,yes,please check the network access control now,network ackess control -> network access control
NAC,security,acronym,1,canonical,canonical,NAC,recovered,yes,please check the NAC now,
NAC,security,acronym,1,spelled,spelled,en ay see,recovered,yes,please check the NAC now,en ay see -> NAC
NAC,security,acronym,1,spelled,spelled_alt,enn eh sea,recovered,yes,please check the NAC now,enn eh sea -> NAC
NAC,security,acronym,1,synthetic,vowel_swap,noc,missed,no,please check the noc now,
NAC,security,acronym,1,synthetic,consonant_swap,mac,missed,no,please check the mac now,
NAC,security,acronym,1,synthetic,add_suffix,nact,recovered,yes,please check the NAC now,nact -> NAC
NAC,security,acronym,1,synthetic,vowel_swap,nuc,missed,no,please check the nuc now,
NAC,security,acronym,1,synthetic,consonant_swap,nak,missed,no,please check the nak now,
NAC,security,acronym,1,synthetic,add_suffix,nacd,recovered,yes,please check the NAC now,nacd -> NAC
NAC,security,acronym,1,synthetic,vowel_swap,nec,missed,no,please check the nec now,
endpoint detection and response,security,phrase,4,canonical,canonical,endpoint detection and response,recovered,yes,please check the endpoint detection and response now,
endpoint detection and response,security,phrase,4,synthetic,vowel_swap,endpoint detection and respanse,missed,no,please check the endpoint detection and respanse now,
endpoint detection and response,security,phrase,4,synthetic,consonant_swap,endpoint dedection and response,missed,no,please check the endpoint dedection and response now,
endpoint detection and response,security,phrase,4,synthetic,double_consonant,endpoint detection and responsse,missed,no,please check the endpoint detection and responsse now,
endpoint detection and response,security,phrase,4,synthetic,drop_last,endpoint detection and respons,missed,no,please check the endpoint detection and respons now,
endpoint detection and response,security,phrase,4,synthetic,respell,endpoint detection and responce,missed,no,please check the endpoint detection and responce now,
endpoint detection and response,security,phrase,4,synthetic,split_word,endpo int detection and response,recovered,yes,please check the endpoint detection and response now,endpo int -> endpoint
endpoint detection and response,security,phrase,4,synthetic,merge_words,endpoint detection andresponse,missed,no,please check the endpoint detection andresponse now,
endpoint detection and response,security,phrase,4,synthetic,swap_words,endpoint detection response and,missed,no,please check the endpoint detection response and now,
endpoint detection and response,security,phrase,4,synthetic,drop_filler,endpoint detection response,missed,no,please check the endpoint detection response now,
endpoint detection and response,security,phrase,4,synthetic,vowel_swap,endpoint detection and responso,missed,no,please check the endpoint detection and responso now,
extended detection and response,security,phrase,4,canonical,canonical,extended detection and response,recovered,yes,please check the extended detection and response now,
extended detection and response,security,phrase,4,synthetic,vowel_swap,extended detection and responso,recovered,yes,please check the extended detection and response now,extended detection and responso -> extended detection and response
extended detection and response,security,phrase,4,synthetic,consonant_swap,exdended detection and response,recovered,yes,please check the extended detection and response now,exdended detection and response -> extended detection and response
extended detection and response,security,phrase,4,synthetic,double_consonant,extended detecction and response,recovered,yes,please check the extended detection and response now,extended detecction and response -> extended detection and response
extended detection and response,security,phrase,4,synthetic,drop_last,extended detection and respons,recovered,yes,please check the extended detection and response now,extended detection and respons -> extended detection and response
extended detection and response,security,phrase,4,synthetic,respell,extended detectyon and response,recovered,yes,please check the extended detection and response now,extended detectyon and response -> extended detection and response
extended detection and response,security,phrase,4,synthetic,split_word,extended detection and respo nse,garbled,no,please check the extended detection and response nse now,extended detection and respo -> extended detection and response
extended detection and response,security,phrase,4,synthetic,merge_words,extended detectionand response,recovered,yes,please check the extended detection and response now,extended detectionand response -> extended detection and response
extended detection and response,security,phrase,4,synthetic,swap_words,extended detection response and,recovered,yes,please check the extended detection and response now,extended detection response and -> extended detection and response
extended detection and response,security,phrase,4,synthetic,drop_filler,extended detection response,recovered,yes,please check the extended detection and response now,extended detection response -> extended detection and response
extended detection and response,security,phrase,4,synthetic,vowel_swap,extended detection and respanse,recovered,yes,please check the extended detection and response now,extended detection and respanse -> extended detection and response
security information and event management,security,phrase,5,canonical,canonical,security information and event management,recovered,yes,please check the security information and event management now,
security information and event management,security,phrase,5,synthetic,vowel_swap,security information and avent management,recovered,yes,please check the security information and event management now,security information and avent management -> security information and event management
security information and event management,security,phrase,5,synthetic,consonant_swap,security information and event managememt,recovered,yes,please check the security information and event management now,security information and event managememt -> security information and event management
security information and event management,security,phrase,5,synthetic,double_consonant,security informattion and event management,recovered,yes,please check the security information and event management now,security informattion and event management -> security information and event management
security information and event management,security,phrase,5,synthetic,drop_last,securit information and event management,recovered,yes,please check the security information and event management now,securit information and event management -> security information and event management
security information and event management,security,phrase,5,synthetic,respell,cecurity information and event management,recovered,yes,please check the security information and event management now,cecurity information and event management -> security information and event management
security information and event management,security,phrase,5,synthetic,split_word,secur ity information and event management,garbled,no,please check the security information and event management management now,secur ity information and event -> security information and event management
security information and event management,security,phrase,5,synthetic,merge_words,security informationand event management,recovered,yes,please check the security information and event management now,security informationand event management -> security information and event management
security information and event management,security,phrase,5,synthetic,swap_words,security information event and management,recovered,yes,please check the security information and event management now,security information event and management -> security information and event management
security information and event management,security,phrase,5,synthetic,drop_filler,security information event management,recovered,yes,please check the security information and event management now,security information event management -> security information and event management
security information and event management,security,phrase,5,synthetic,vowel_swap,sacurity information and event management,recovered,yes,please check the security information and event management now,sacurity information and event management -> security information and event management
security orchestration automation and response,security,phrase,5,canonical,canonical,security orchestration automation and response,recovered,yes,please check the security orchestration automation and response now,
security orchestration automation and response,security,phrase,5,synthetic,vowel_swap,securety orchestration automation and response,missed,no,please check the securety orchestration automation and response now,
security orchestration automation and response,security,phrase,5,synthetic,consonant_swap,security orchestration automation and resbonse,missed,no,please check the security orchestration automation and resbonse now,
security orchestration automation and response,security,phrase,5,synthetic,double_consonant,security orchestration automattion and response,missed,no,please check the security orchestration automattion and response now,
security orchestration automation and response,security,phrase,5,synthetic,drop_last,security orchestration automatio and response,missed,no,please check the security orchestration automatio and response now,
security orchestration automation and response,security,phrase,5,synthetic,respell,securiti orchestration automation and response,missed,no,please check the securiti orchestration automation and response now,
security orchestration automation and response,security,phrase,5,synthetic,split_word,security orchestration automa tion and response,missed,no,please check the security orchestration automa tion and response now,
security orchestration automation and response,security,phrase,5,synthetic,merge_words,security orchestration automationand response,missed,no,please check the security orchestration automationand response now,
security orchestration automation and response,security,phrase,5,synthetic,swap_words,security orchestration and automation response,missed,no,please check the security orchestration and automation response now,
security orchestration automation and response,security,phrase,5,synthetic,drop_filler,security orchestration automation response,missed,no,please check the security orchestration automation response now,
security orchestration automation and response,security,phrase,5,synthetic,vowel_swap,secirity orchestration automation and response,missed,no,please check the secirity orchestration automation and response now,
user and entity behavior analytics,security,phrase,5,canonical,canonical,user and entity behavior analytics,recovered,yes,please check the user and entity behavior analytics now,
user and entity behavior analytics,security,phrase,5,synthetic,vowel_swap,user and entity behevior analytics,recovered,yes,please check the user and entity behavior analytics now,user and entity behevior analytics -> user and entity behavior analytics
user and entity behavior analytics,security,phrase,5,synthetic,consonant_swap,user and entity behavior analytiks,recovered,yes,please check the user and entity behavior analytics now,user and entity behavior analytiks -> user and entity behavior analytics
user and entity behavior analytics,security,phrase,5,synthetic,double_consonant,user and entity behavior analyttics,recovered,yes,please check the user and entity behavior analytics now,user and entity behavior analyttics -> user and entity behavior analytics
user and entity behavior analytics,security,phrase,5,synthetic,drop_last,user and entity behavior analytic,recovered,yes,please check the user and entity behavior analytics now,user and entity behavior analytic -> user and entity behavior analytics
user and entity behavior analytics,security,phrase,5,synthetic,add_suffix,userd and entity behavior analytics,recovered,yes,please check the user and entity behavior analytics now,userd and entity behavior analytics -> user and entity behavior analytics
user and entity behavior analytics,security,phrase,5,synthetic,respell,user and entity behavior analitics,recovered,yes,please check the user and entity behavior analytics now,user and entity behavior analitics -> user and entity behavior analytics
user and entity behavior analytics,security,phrase,5,synthetic,split_word,user and entity behavior ana lytics,garbled,no,please check the user and entity behavior analytics lytics now,user and entity behavior ana -> user and entity behavior analytics
user and entity behavior analytics,security,phrase,5,synthetic,merge_words,user and entity behavioranalytics,missed,no,please check the user and entity behavioranalytics now,
user and entity behavior analytics,security,phrase,5,synthetic,swap_words,and user entity behavior analytics,recovered,yes,please check the user and entity behavior analytics now,and user entity behavior analytics -> user and entity behavior analytics
user and entity behavior analytics,security,phrase,5,synthetic,drop_filler,user entity behavior analytics,recovered,yes,please check the user and entity behavior analytics now,user entity behavior analytics -> user and entity behavior analytics
UEBA,security,acronym,1,canonical,canonical,UEBA,recovered,yes,please check the UEBA now,
UEBA,security,acronym,1,spelled,spelled,you ee bee ay,missed,no,please check the you ee bee ay now,
UEBA,security,acronym,1,spelled,spelled_alt,u e be a,recovered,yes,please check the UEBA now,u e be a -> UEBA
UEBA,security,acronym,1,synthetic,vowel_swap,uebi,recovered,yes,please check the UEBA now,uebi -> UEBA
UEBA,security,acronym,1,synthetic,consonant_swap,uepa,missed,no,please check the uepa now,
UEBA,security,acronym,1,synthetic,double_consonant,uebba,recovered,yes,please check the UEBA now,uebba -> UEBA
UEBA,security,acronym,1,synthetic,vowel_swap,uoba,recovered,yes,please check the UEBA now,uoba -> UEBA
UEBA,security,acronym,1,synthetic,vowel_swap,uiba,recovered,yes,please check the UEBA now,uiba -> UEBA
UEBA,security,acronym,1,synthetic,vowel_swap,uaba,recovered,yes,please check the UEBA now,uaba -> UEBA
UEBA,security,acronym,1,synthetic,vowel_swap,uebe,recovered,yes,please check the UEBA now,uebe -> UEBA
UEBA,security,acronym,1,synthetic,vowel_swap,uuba,missed,no,please check the uuba now,
UEBA,security,acronym,1,synthetic,vowel_swap,ieba,missed,no,please check the ieba now,
UEBA,security,acronym,1,synthetic,vowel_swap,uebu,recovered,yes,please check the UEBA now,uebu -> UEBA
security operations center,security,phrase,3,canonical,canonical,security operations center,recovered,yes,please check the security operations center now,
security operations center,security,phrase,3,synthetic,vowel_swap,security operitions center,recovered,yes,please check the security operations center now,security operitions center -> security operations center
security operations center,security,phrase,3,synthetic,consonant_swap,zecurity operations center,recovered,yes,please check the security operations center now,zecurity operations center -> security operations center
security operations center,security,phrase,3,synthetic,double_consonant,securrity operations center,recovered,yes,please check the security operations center now,securrity operations -> security operations
security operations center,security,phrase,3,synthetic,drop_last,securit operations center,recovered,yes,please check the security operations center now,securit operations center -> security operations center
security operations center,security,phrase,3,synthetic,respell,cecurity operations center,recovered,yes,please check the security operations center now,cecurity operations center -> security operations center
security operations center,security,phrase,3,synthetic,split_word,security opera tions center,wrong,no,please check the security operations tions center now,security opera -> security operations
security operations center,security,phrase,3,synthetic,merge_words,security operationscenter,wrong,no,please check the security operations now,security operationscenter -> security operations
security operations center,security,phrase,3,synthetic,swap_words,security center operations,recovered,yes,please check the security operations center now,security center operations -> security operations center
security operations center,security,phrase,3,synthetic,vowel_swap,sucurity operations center,recovered,yes,please check the security operations center now,sucurity operations -> security operations
security operations center,security,phrase,3,synthetic,consonant_swap,security opelations center,recovered,yes,please check the security operations center now,security opelations -> security operations
SOC,security,acronym,1,canonical,canonical,SOC,recovered,yes,please check the SOC now,
SOC,security,acronym,1,spelled,spelled,ess oh see,recovered,yes,please check the SOC now,ess oh see -> SOC
SOC,security,acronym,1,spelled,spelled_alt,es owe sea,recovered,yes,please check the SOC now,es owe sea -> SOC
SOC,security,acronym,1,synthetic,vowel_swap,sac,missed,no,please check the sac now,
SOC,security,acronym,1,synthetic,consonant_swap,zoc,missed,no,please check the zoc now,
SOC,security,acronym,1,synthetic,add_suffix,socd,recovered,yes,please check the SOC now,socd -> SOC
SOC,security,acronym,1,synthetic,vowel_swap,suc,missed,no,please check the suc now,
SOC,security,acronym,1,synthetic,consonant_swap,sok,missed,no,please check the sok now,
SOC,security,acronym,1,synthetic,add_suffix,soct,recovered,yes,please check the SOC now,soct -> SOC
SOC,security,acronym,1,synthetic,vowel_swap,sec,missed,no,please check the sec now,
SOC,security,acronym,1,synthetic,vowel_swap,sic,missed,no,please check the sic now,
managed detection and response,security,phrase,4,canonical,canonical,managed detection and response,recovered,yes,please check the managed detection and response now,
managed detection and response,security,phrase,4,synthetic,vowel_swap,managod detection and response,recovered,yes,please check the managed detection and response now,managod detection and response -> managed detection and response
managed detection and response,security,phrase,4,synthetic,consonant_swap,managed detection and responze,recovered,yes,please check the managed detection and response now,managed detection and responze -> managed detection and response
managed detection and response,security,phrase,4,synthetic,double_consonant,managed detecttion and response,recovered,yes,please check the managed detection and response now,managed detecttion and response -> managed detection and response
managed detection and response,security,phrase,4,synthetic,drop_last,manage detection and response,recovered,yes,please check the managed detection and response now,manage detection and response -> managed detection and response
managed detection and response,security,phrase,4,synthetic,respell,managed detection and responce,recovered,yes,please check the managed detection and response now,managed detection and responce -> managed detection and response
managed detection and response,security,phrase,4,synthetic,split_word,managed det ection and response,recovered,yes,please check the managed detection and response now,managed det ection and response -> managed detection and response
managed detection and response,security,phrase,4,synthetic,merge_words,managed detection andresponse,recovered,yes,please check the managed detection and response now,managed detection andresponse -> managed detection and response
managed detection and response,security,phrase,4,synthetic,swap_words,managed detection response and,recovered,yes,please check the managed detection and response now,managed detection response and -> managed detection and response
managed detection and response,security,phrase,4,synthetic,drop_filler,managed detection response,missed,no,please check the managed detection response now,
managed detection and response,security,phrase,4,synthetic,vowel_swap,managed detecteon and response,recovered,yes,please check the managed detection and response now,managed detecteon and response -> managed detection and response
MDR,security,acronym,1,canonical,canonical,MDR,recovered,yes,please check the MDR now,
MDR,security,acronym,1,spelled,spelled,em dee are,recovered,yes,please check the MDR now,em dee are -> MDR
MDR,security,acronym,1,spelled,spelled_alt,emm di ar,recovered,yes,please check the MDR now,emm di ar -> MDR
security operations,security,phrase,2,canonical,canonical,security operations,recovered,yes,please check the security operations now,
security operations,security,phrase,2,synthetic,vowel_swap,security opurations,recovered,yes,please check the security operations now,security opurations -> security operations
security operations,security,phrase,2,synthetic,consonant_swap,security operationz,recovered,yes,please check the security operations now,security operationz -> security operations
security operations,security,phrase,2,synthetic,double_consonant,security operrations,recovered,yes,please check the security operations now,security operrations -> security operations
security operations,security,phrase,2,synthetic,drop_last,securit operations,recovered,yes,please check the security operations now,securit operations -> security operations
security operations,security,phrase,2,synthetic,respell,securyty operations,recovered,yes,please check the security operations now,securyty operations -> security operations
security operations,security,phrase,2,synthetic,split_word,security operat ions,garbled,no,please check the security operations ions now,security operat -> security operations
security operations,security,phrase,2,synthetic,merge_words,securityoperations,missed,no,please check the securityoperations now,
security operations,security,phrase,2,synthetic,swap_words,operations security,missed,no,please check the operations security now,
security operations,security,phrase,2,synthetic,vowel_swap,securuty operations,recovered,yes,please check the security operations now,securuty operations -> security operations
security operations,security,phrase,2,synthetic,consonant_swap,security operadions,recovered,yes,please check the security operations now,security operadions -> security operations
threat intelligence,security,phrase,2,canonical,canonical,threat intelligence,recovered,yes,please check the threat intelligence now,
threat intelligence,security,phrase,2,synthetic,vowel_swap,threat intulligence,recovered,yes,please check the threat intelligence now,threat intulligence -> threat intelligence
threat intelligence,security,phrase,2,synthetic,consonant_swap,threat imtelligence,recovered,yes,please check the threat intelligence now,threat imtelligence -> threat intelligence
threat intelligence,security,phrase,2,synthetic,double_consonant,threat inntelligence,recovered,yes,please check the threat intelligence now,threat inntelligence -> threat intelligence
threat intelligence,security,phrase,2,synthetic,drop_last,threat intelligenc,recovered,yes,please check the threat intelligence now,threat intelligenc -> threat intelligence
threat intelligence,security,phrase,2,synthetic,respell,threet intelligence,recovered,yes,please check the threat intelligence now,threet intelligence -> threat intelligence
threat intelligence,security,phrase,2,synthetic,split_word,threat intell igence,garbled,no,please check the threat intelligence igence now,threat intell -> threat intelligence
threat intelligence,security,phrase,2,synthetic,merge_words,threatintelligence,recovered,yes,please check the threat intelligence now,threatintelligence -> threat intelligence
threat intelligence,security,phrase,2,synthetic,swap_words,intelligence threat,recovered,yes,please check the threat intelligence now,intelligence threat -> threat intelligence
threat intelligence,security,phrase,2,synthetic,vowel_swap,thriat intelligence,recovered,yes,please check the threat intelligence now,thriat intelligence -> threat intelligence
threat intelligence,security,phrase,2,synthetic,consonant_swap,threat intelligenke,recovered,yes,please check the threat intelligence now,threat intelligenke -> threat intelligence
indicator of compromise,security,phrase,3,canonical,canonical,indicator of compromise,recovered,yes,please check the indicator of compromise now,
indicator of compromise,security,phrase,3,synthetic,vowel_swap,indicater of compromise,recovered,yes,please check the indicator of compromise now,indicater of compromise -> indicator of compromise
indicator of compromise,security,phrase,3,synthetic,consonant_swap,indicator of compromize,recovered,yes,please check the indicator of compromise now,indicator of compromize -> indicator of compromise
indicator of compromise,security,phrase,3,synthetic,double_consonant,indicator of comprromise,recovered,yes,please check the indicator of compromise now,indicator of comprromise -> indicator of compromise
indicator of compromise,security,phrase,3,synthetic,drop_last,indicato of compromise,recovered,yes,please check the indicator of compromise now,indicato of compromise -> indicator of compromise
indicator of compromise,security,phrase,3,synthetic,respell,indycator of compromise,recovered,yes,please check the indicator of compromise now,indycator of compromise -> indicator of compromise
indicator of compromise,security,phrase,3,synthetic,split_word,indi cator of compromise,missed,no,please check the indi cator of compromise now,
indicator of compromise,security,phrase,3,synthetic,merge_words,indicatorof compromise,recovered,yes,please check the indicator of compromise now,indicatorof compromise -> indicator of compromise
indicator of compromise,security,phrase,3,synthetic,swap_words,of indicator compromise,recovered,yes,please check the indicator of compromise now,of indicator compromise -> indicator of compromise
indicator of compromise,security,phrase,3,synthetic,drop_filler,indicator compromise,recovered,yes,please check the indicator of compromise now,indicator compromise -> indicator of compromise
indicator of compromise,security,phrase,3,synthetic,vowel_swap,indicator of compromiso,recovered,yes,please check the indicator of compromise now,indicator of compromiso -> indicator of compromise
IOC,security,acronym,1,canonical,canonical,IOC,recovered,yes,please check the IOC now,
IOC,security,acronym,1,spelled,spelled,eye oh see,missed,no,please check the eye oh see now,
IOC,security,acronym,1,spelled,spelled_alt,i owe sea,missed,no,please check the i owe sea now,
indicator of attack,security,phrase,3,canonical,canonical,indicator of attack,recovered,yes,please check the indicator of attack now,
indicator of attack,security,phrase,3,synthetic,vowel_swap,andicator of attack,missed,no,please check the andicator of attack now,
indicator of attack,security,phrase,3,synthetic,consonant_swap,indicador of attack,recovered,yes,please check the indicator of attack now,indicador of attack -> indicator of attack
indicator of attack,security,phrase,3,synthetic,double_consonant,inndicator of attack,recovered,yes,please check the indicator of attack now,inndicator of attack -> indicator of attack
indicator of attack,security,phrase,3,synthetic,drop_last,indicator of attac,recovered,yes,please check the indicator of attack now,indicator of attac -> indicator of attack
indicator of attack,security,phrase,3,synthetic,respell,indicator of attak,recovered,yes,please check the indicator of attack now,indicator of attak -> indicator of attack
indicator of attack,security,phrase,3,synthetic,split_word,ind icator of attack,garbled,no,please check the ind indicator of attack now,icator of attack -> indicator of attack
indicator of attack,security,phrase,3,synthetic,merge_words,indicator ofattack,missed,no,please check the indicator ofattack now,
indicator of attack,security,phrase,3,synthetic,swap_words,of indicator attack,recovered,yes,please check the indicator of attack now,of indicator attack -> indicator of attack
indicator of attack,security,phrase,3,synthetic,drop_filler,indicator attack,recovered,yes,please check the indicator of attack now,indicator attack -> indicator of attack
indicator of attack,security,phrase,3,synthetic,vowel_swap,indicator of attock,recovered,yes,please check the indicator of attack now,indicator of attock -> indicator of attack
IOA,security,acronym,1,canonical,canonical,IOA,recovered,yes,please check the IOA now,
IOA,security,acronym,1,spelled,spelled,eye oh ay,missed,no,please check the eye oh ay now,
IOA,security,acronym,1,spelled,spelled_alt,i owe a,missed,no,please check the i owe a now,
threat actor,security,phrase,2,canonical,canonical,threat actor,recovered,yes,please check the threat actor now,
threat actor,security,phrase,2,synthetic,vowel_swap,threat octor,recovered,yes,please check the threat actor now,threat octor -> threat actor
threat actor,security,phrase,2,synthetic,consonant_swap,threat actol,recovered,yes,please check the threat actor now,threat actol -> threat actor
threat actor,security,phrase,2,synthetic,double_consonant,threat acctor,recovered,yes,please check the threat actor now,threat acctor -> threat actor
threat actor,security,phrase,2,synthetic,drop_last,threa actor,recovered,yes,please check the threat actor now,threa actor -> threat actor
threat actor,security,phrase,2,synthetic,respell,threet actor,recovered,yes,please check the threat actor now,threet actor -> threat actor
threat actor,security,phrase,2,synthetic,merge_words,threatactor,missed,no,please check the threatactor now,
threat actor,security,phrase,2,synthetic,swap_words,actor threat,missed,no,please check the actor threat now,
threat actor,security,phrase,2,synthetic,vowel_swap,threat actur,recovered,yes,please check the threat actor now,threat actur -> threat actor
threat actor,security,phrase,2,synthetic,consonant_swap,threat aktor,recovered,yes,please check the threat actor now,threat aktor -> threat actor
threat actor,security,phrase,2,synthetic,double_consonant,thhreat actor,recovered,yes,please check the threat actor now,thhreat actor -> threat actor
attack surface,security,phrase,2,canonical,canonical,attack surface,recovered,yes,please check the attack surface now,
attack surface,security,phrase,2,synthetic,vowel_swap,ittack surface,recovered,yes,please check the attack surface now,ittack surface -> attack surface
attack surface,security,phrase,2,synthetic,consonant_swap,attack sulface,recovered,yes,please check the attack surface now,attack sulface -> attack surface
attack surface,security,phrase,2,synthetic,double_consonant,attacck surface,recovered,yes,please check the attack surface now,attacck surface -> attack surface
attack surface,security,phrase,2,synthetic,drop_last,attack surfac,recovered,yes,please check the attack surface now,attack surfac -> attack surface
attack surface,security,phrase,2,synthetic,respell,attack surfase,recovered,yes,please check the attack surface now,attack surfase -> attack surface
attack surface,security,phrase,2,synthetic,split_word,attack sur face,garbled,no,please check the attack surface face now,attack sur -> attack surface
attack surface,security,phrase,2,synthetic,merge_words,attacksurface,recovered,yes,please check the attack surface now,attacksurface -> attack surface
attack surface,security,phrase,2,synthetic,swap_words,surface attack,missed,no,please check the surface attack now,
attack surface,security,phrase,2,synthetic,vowel_swap,attack surfice,recovered,yes,please check the attack surface now,attack surfice -> attack surface
attack surface,security,phrase,2,synthetic,consonant_swap,attack surfake,recovered,yes,please check the attack surface now,attack surfake -> attack surface
attack surface reduction,security,phrase,3,canonical,canonical,attack surface reduction,recovered,yes,please check the attack surface reduction now,
attack surface reduction,security,phrase,3,synthetic,vowel_swap,ittack surface reduction,recovered,yes,please check the attack surface reduction now,ittack surface reduction -> attack surface reduction
attack surface reduction,security,phrase,3,synthetic,consonant_swap,atdack surface reduction,recovered,yes,please check the attack surface reduction now,atdack surface reduction -> attack surface reduction
attack surface reduction,security,phrase,3,synthetic,double_consonant,attack surface reducction,missed,no,please check the attack surface reducction now,
attack surface reduction,security,phrase,3,synthetic,drop_last,attack surface reductio,missed,no,please check the attack surface reductio now,
attack surface reduction,security,phrase,3,synthetic,respell,attak surface reduction,recovered,yes,please check the attack surface reduction now,attak surface -> attack surface
attack surface reduction,security,phrase,3,synthetic,split_word,attack surface red uction,missed,no,please check the attack surface red uction now,
attack surface reduction,security,phrase,3,synthetic,merge_words,attack surfacereduction,recovered,yes,please check the attack surface reduction now,attack surfacereduction -> attack surface reduction
attack surface reduction,security,phrase,3,synthetic,swap_words,attack reduction surface,recovered,yes,please check the attack surface reduction now,attack reduction surface -> attack surface reduction
attack surface reduction,security,phrase,3,synthetic,vowel_swap,attock surface reduction,recovered,yes,please check the attack surface reduction now,attock surface -> attack surface
attack surface reduction,security,phrase,3,synthetic,consonant_swap,attack sulface reduction,recovered,yes,please check the attack surface reduction now,attack sulface reduction -> attack surface reduction
ASR,security,acronym,1,canonical,canonical,ASR,recovered,yes,please check the ASR now,
ASR,security,acronym,1,spelled,spelled,ay ess are,recovered,yes,please check the ASR now,ay ess are -> ASR
ASR,security,acronym,1,spelled,spelled_alt,eh es arr,recovered,yes,please check the ASR now,eh es arr -> ASR
vulnerability management,security,phrase,2,canonical,canonical,vulnerability management,recovered,yes,please check the vulnerability management now,
vulnerability management,security,phrase,2,synthetic,vowel_swap,vulnurability management,recovered,yes,please check the vulnerability management now,vulnurability management -> vulnerability management
vulnerability management,security,phrase,2,synthetic,consonant_swap,vulnerability manakement,recovered,yes,please check the vulnerability management now,vulnerability manakement -> vulnerability management
vulnerability management,security,phrase,2,synthetic,double_consonant,vulnerrability management,recovered,yes,please check the vulnerability management now,vulnerrability management -> vulnerability management
vulnerability management,security,phrase,2,synthetic,drop_last,vulnerabilit management,recovered,yes,please check the vulnerability management now,vulnerabilit management -> vulnerability management
vulnerability management,security,phrase,2,synthetic,respell,vulnerabylity management,recovered,yes,please check the vulnerability management now,vulnerabylity management -> vulnerability management
vulnerability management,security,phrase,2,synthetic,split_word,vulnerability manage ment,recovered,yes,please check the vulnerability management now,vulnerability manage ment -> vulnerability management
vulnerability management,security,phrase,2,synthetic,merge_words,vulnerabilitymanagement,missed,no,please check the vulnerabilitymanagement now,
vulnerability management,security,phrase,2,synthetic,swap_words,management vulnerability,recovered,yes,please check the vulnerability management now,management vulnerability -> vulnerability management
vulnerability management,security,phrase,2,synthetic,vowel_swap,volnerability management,recovered,yes,please check the vulnerability management now,volnerability management -> vulnerability management
vulnerability management,security,phrase,2,synthetic,consonant_swap,fulnerability management,missed,no,please check the fulnerability management now,
vulnerability assessment,security,phrase,2,canonical,canonical,vulnerability assessment,recovered,yes,please check the vulnerability assessment now,
vulnerability assessment,security,phrase,2,synthetic,vowel_swap,vulnerability assussment,recovered,yes,please check the vulnerability assessment now,vulnerability assussment -> vulnerability assessment
vulnerability assessment,security,phrase,2,synthetic,consonant_swap,vurnerability assessment,recovered,yes,please check the vulnerability assessment now,vurnerability assessment -> vulnerability assessment
vulnerability assessment,security,phrase,2,synthetic,double_consonant,vulnerabillity assessment,recovered,yes,please check the vulnerability assessment now,vulnerabillity assessment -> vulnerability assessment
vulnerability assessment,security,phrase,2,synthetic,drop_last,vulnerability assessmen,recovered,yes,please check the vulnerability assessment now,vulnerability assessmen -> vulnerability assessment
vulnerability assessment,security,phrase,2,synthetic,respell,vulnerabylity assessment,recovered,yes,please check the vulnerability assessment now,vulnerabylity assessment -> vulnerability assessment
vulnerability assessment,security,phrase,2,synthetic,split_word,vulnera bility assessment,recovered,yes,please check the vulnerability assessment now,vulnera bility assessment -> vulnerability assessment
vulnerability assessment,security,phrase,2,synthetic,merge_words,vulnerabilityassessment,missed,no,please check the vulnerabilityassessment now,
vulnerability assessment,security,phrase,2,synthetic,swap_words,assessment vulnerability,recovered,yes,please check the vulnerability assessment now,assessment vulnerability -> vulnerability assessment
vulnerability assessment,security,phrase,2,synthetic,vowel_swap,vulnerabality assessment,recovered,yes,please check the vulnerability assessment now,vulnerabality assessment -> vulnerability assessment
vulnerability assessment,security,phrase,2,synthetic,consonant_swap,fulnerability assessment,recovered,yes,please check the vulnerability assessment now,fulnerability assessment -> vulnerability assessment
penetration testing,security,phrase,2,canonical,canonical,penetration testing,recovered,yes,please check the penetration testing now,
penetration testing,security,phrase,2,synthetic,vowel_swap,penetrateon testing,recovered,yes,please check the penetration testing now,penetrateon testing -> penetration testing
penetration testing,security,phrase,2,synthetic,consonant_swap,penetlation testing,recovered,yes,please check the penetration testing now,penetlation testing -> penetration testing
penetration testing,security,phrase,2,synthetic,double_consonant,penetrration testing,recovered,yes,please check the penetration testing now,penetrration testing -> penetration testing
penetration testing,security,phrase,2,synthetic,drop_last,penetratio testing,recovered,yes,please check the penetration testing now,penetratio testing -> penetration testing
penetration testing,security,phrase,2,synthetic,respell,penetratyon testing,recovered,yes,please check the penetration testing now,penetratyon testing -> penetration testing
penetration testing,security,phrase,2,synthetic,split_word,pene tration testing,missed,no,please check the pene tration testing now,
penetration testing,security,phrase,2,synthetic,merge_words,penetrationtesting,recovered,yes,please check the penetration testing now,penetrationtesting -> penetration testing
penetration testing,security,phrase,2,synthetic,swap_words,testing penetration,recovered,yes,please check the penetration testing now,testing penetration -> penetration testing
penetration testing,security,phrase,2,synthetic,vowel_swap,panetration testing,recovered,yes,please check the penetration testing now,panetration testing -> penetration testing
penetration testing,security,phrase,2,synthetic,consonant_swap,penetratiom testing,recovered,yes,please check the penetration testing now,penetratiom testing -> penetration testing
zero-day vulnerability,security,phrase,3,canonical,canonical,zero-day vulnerability,recovered,yes,please check the zero-day vulnerability now,
zero-day vulnerability,security,phrase,3,synthetic,vowel_swap,zero day vulnerabiluty,recovered,yes,please check the zero-day vulnerability now,zero day vulnerabiluty -> zero-day vulnerability
zero-day vulnerability,security,phrase,3,synthetic,consonant_swap,zero day vulmerability,recovered,yes,please check the zero-day vulnerability now,zero day vulmerability -> zero-day vulnerability
zero-day vulnerability,security,phrase,3,synthetic,double_consonant,zerro day vulnerability,recovered,yes,please check the zero-day vulnerability now,zerro day vulnerability -> zero-day vulnerability
zero-day vulnerability,security,phrase,3,synthetic,drop_last,zero day vulnerabilit,recovered,yes,please check the zero-day vulnerability now,zero day vulnerabilit -> zero-day vulnerability
zero-day vulnerability,security,phrase,3,synthetic,respell,zero day vulnerabilyty,recovered,yes,please check the zero-day vulnerability now,zero day vulnerabilyty -> zero-day vulnerability
zero-day vulnerability,security,phrase,3,synthetic,split_word,zero day vulner ability,missed,no,please check the zero day vulner ability now,
zero-day vulnerability,security,phrase,3,synthetic,merge_words,zeroday vulnerability,recovered,yes,please check the zero-day vulnerability now,zeroday vulnerability -> zero-day vulnerability
zero-day vulnerability,security,phrase,3,synthetic,swap_words,day zero vulnerability,garbled,no,please check the day zero-day vulnerability now,zero vulnerability -> zero-day vulnerability
zero-day vulnerability,security,phrase,3,synthetic,vowel_swap,zaro day vulnerability,recovered,yes,please check the zero-day vulnerability now,zaro day vulnerability -> zero-day vulnerability
zero-day vulnerability,security,phrase,3,synthetic,consonant_swap,zero day vurnerability,missed,no,please check the zero day vurnerability now,
CVE,security,acronym,1,canonical,canonical,CVE,recovered,yes,please check the CVE now,
CVE,security,acronym,1,spelled,spelled,see vee ee,recovered,yes,please check the CVE now,see vee ee -> CVE
CVE,security,acronym,1,spelled,spelled_alt,cee ve e,recovered,yes,please check the CVE now,cee ve e -> CVE
Common Vulnerabilities and Exposures,security,phrase,4,canonical,canonical,Common Vulnerabilities and Exposures,recovered,yes,please check the Common Vulnerabilities and Exposures now,
Common Vulnerabilities and Exposures,security,phrase,4,synthetic,vowel_swap,common vulnerabilitius and exposures,recovered,yes,please check the Common Vulnerabilities and Exposures now,common vulnerabilitius and exposures -> Common Vulnerabilities and Exposures
Common Vulnerabilities and Exposures,security,phrase,4,synthetic,consonant_swap,common vulnerapilities and exposures,recovered,yes,please check the Common Vulnerabilities and Exposures now,common vulnerapilities and exposures -> Common Vulnerabilities and Exposures
Common Vulnerabilities and Exposures,security,phrase,4,synthetic,double_consonant,common vullnerabilities and exposures,recovered,yes,please check the Common Vulnerabilities and Exposures now,common vullnerabilities and exposures -> Common Vulnerabilities and Exposures
Common Vulnerabilities and Exposures,security,phrase,4,synthetic,drop_last,common vulnerabilitie and exposures,recovered,yes,please check the Common Vulnerabilities and Exposures now,common vulnerabilitie and exposures -> Common Vulnerabilities and Exposures
Common Vulnerabilities and Exposures,security,phrase,4,synthetic,respell,common vulnerabilityes and exposures,recovered,yes,please check the Common Vulnerabilities and Exposures now,common vulnerabilityes and exposures -> Common Vulnerabilities and Exposures
Common Vulnerabilities and Exposures,security,phrase,4,synthetic,split_word,common vulnerabilities and expo sures,recovered,yes,please check the Common Vulnerabilities and Exposures now,common vulnerabilities and expo sures -> Common Vulnerabilities and Exposures
Common Vulnerabilities and Exposures,security,phrase,4,synthetic,merge_words,commonvulnerabilities and exposures,recovered,yes,please check the Common Vulnerabilities and Exposures now,commonvulnerabilities and exposures -> Common Vulnerabilities and Exposures
Common Vulnerabilities and Exposures,security,phrase,4,synthetic,swap_words,vulnerabilities common and exposures,recovered,yes,please check the Common Vulnerabilities and Exposures now,vulnerabilities common and exposures -> Common Vulnerabilities and Exposures
Common Vulnerabilities and Exposures,security,phrase,4,synthetic,drop_filler,common vulnerabilities exposures,recovered,yes,please check the Common Vulnerabilities and Exposures now,common vulnerabilities exposures -> Common Vulnerabilities and Exposures
Common Vulnerabilities and Exposures,security,phrase,4,synthetic,vowel_swap,common vulnerabilities and ixposures,recovered,yes,please check the Common Vulnerabilities and Exposures now,common vulnerabilities and ixposures -> Common Vulnerabilities and Exposures
CVSS,security,acronym,1,canonical,canonical,CVSS,recovered,yes,please check the CVSS now,
CVSS,security,acronym,1,spelled,spelled,see vee ess ess,recovered,yes,please check the CVSS now,see vee ess ess -> CVSS
CVSS,security,acronym,1,spelled,spelled_alt,sea ve es es,recovered,yes,please check the CVSS now,sea ve es es -> CVSS
CVSS,security,acronym,1,synthetic,consonant_swap,cfss,recovered,yes,please check the CVSS now,cfss -> CVSS
CVSS,security,acronym,1,synthetic,double_consonant,cvs,recovered,yes,please check the CVSS now,cvs -> CVSS
CVSS,security,acronym,1,synthetic,add_suffix,cvssd,recovered,yes,please check the CVSS now,cvssd -> CVSS
CVSS,security,acronym,1,synthetic,consonant_swap,cvsz,missed,no,please check the cvsz now,
CVSS,security,acronym,1,synthetic,double_consonant,cvvss,recovered,yes,please check the CVSS now,cvvss -> CVSS
CVSS,security,acronym,1,synthetic,add_suffix,cvsst,recovered,yes,please check the CVSS now,cvsst -> CVSS
CVSS,security,acronym,1,synthetic,consonant_swap,kvss,missed,no,please check the kvss now,
CVSS,security,acronym,1,synthetic,consonant_swap,cvzs,missed,no,please check the cvzs now,
Common Vulnerability Scoring System,security,phrase,4,canonical,canonical,Common Vulnerability Scoring System,recovered,yes,please check the Common Vulnerability Scoring System now,
Common Vulnerability Scoring System,security,phrase,4,synthetic,vowel_swap,common vulnorability scoring system,recovered,yes,please check the Common Vulnerability Scoring System now,common vulnorability scoring system -> Common Vulnerability Scoring System
Common Vulnerability Scoring System,security,phrase,4,synthetic,consonant_swap,common vulnerabirity scoring system,recovered,yes,please check the Common Vulnerability Scoring System now,common vulnerabirity scoring system -> Common Vulnerability Scoring System
Common Vulnerability Scoring System,security,phrase,4,synthetic,double_consonant,common vulnerrability scoring system,recovered,yes,please check the Common Vulnerability Scoring System now,common vulnerrability scoring system -> Common Vulnerability Scoring System
Common Vulnerability Scoring System,security,phrase,4,synthetic,drop_last,common vulnerabilit scoring system,recovered,yes,please check the Common Vulnerability Scoring System now,common vulnerabilit scoring system -> Common Vulnerability Scoring System
Common Vulnerability Scoring System,security,phrase,4,synthetic,respell,common vulnerability scoryng system,recovered,yes,please check the Common Vulnerability Scoring System now,common vulnerability scoryng system -> Common Vulnerability Scoring System
Common Vulnerability Scoring System,security,phrase,4,synthetic,split_word,common vulnerability sco ring system,recovered,yes,please check the Common Vulnerability Scoring System now,common vulnerability sco ring system -> Common Vulnerability Scoring System
Common Vulnerability Scoring System,security,phrase,4,synthetic,merge_words,common vulnerability scoringsystem,recovered,yes,please check the Common Vulnerability Scoring System now,common vulnerability scoringsystem -> Common Vulnerability Scoring System
Common Vulnerability Scoring System,security,phrase,4,synthetic,swap_words,vulnerability common scoring system,recovered,yes,please check the Common Vulnerability Scoring System now,vulnerability common scoring system -> Common Vulnerability Scoring System
Common Vulnerability Scoring System,security,phrase,4,synthetic,vowel_swap,common vulnerability scorong system,recovered,yes,please check the Common Vulnerability Scoring System now,common vulnerability scorong system -> Common Vulnerability Scoring System
Common Vulnerability Scoring System,security,phrase,4,synthetic,consonant_swap,common vulnerability scoring systen,recovered,yes,please check the Common Vulnerability Scoring System now,common vulnerability scoring systen -> Common Vulnerability Scoring System
CWE,security,acronym,1,canonical,canonical,CWE,recovered,yes,please check the CWE now,
CWE,security,acronym,1,spelled,spelled,see double you ee,recovered,yes,please check the CWE now,see double you ee -> CWE
CWE,security,acronym,1,spelled,spelled_alt,sea double u e,recovered,yes,please check the CWE now,sea double u e -> CWE
Common Weakness Enumeration,security,phrase,3,canonical,canonical,Common Weakness Enumeration,recovered,yes,please check the Common Weakness Enumeration now,
Common Weakness Enumeration,security,phrase,3,synthetic,vowel_swap,cummon weakness enumeration,recovered,yes,please check the Common Weakness Enumeration now,cummon weakness enumeration -> Common Weakness Enumeration
Common Weakness Enumeration,security,phrase,3,synthetic,consonant_swap,common weaknezs enumeration,recovered,yes,please check the Common Weakness Enumeration now,common weaknezs enumeration -> Common Weakness Enumeration
Common Weakness Enumeration,security,phrase,3,synthetic,double_consonant,comon weakness enumeration,recovered,yes,please check the Common Weakness Enumeration now,comon weakness enumeration -> Common Weakness Enumeration
Common Weakness Enumeration,security,phrase,3,synthetic,drop_last,common weakness enumeratio,recovered,yes,please check the Common Weakness Enumeration now,common weakness enumeratio -> Common Weakness Enumeration
Common Weakness Enumeration,security,phrase,3,synthetic,respell,common weakness enumeratyon,recovered,yes,please check the Common Weakness Enumeration now,common weakness enumeratyon -> Common Weakness Enumeration
Common Weakness Enumeration,security,phrase,3,synthetic,split_word,common weakness enumer ation,garbled,no,please check the Common Weakness Enumeration ation now,common weakness enumer -> Common Weakness Enumeration
Common Weakness Enumeration,security,phrase,3,synthetic,merge_words,commonweakness enumeration,recovered,yes,please check the Common Weakness Enumeration now,commonweakness enumeration -> Common Weakness Enumeration
Common Weakness Enumeration,security,phrase,3,synthetic,swap_words,weakness common enumeration,recovered,yes,please check the Common Weakness Enumeration now,weakness common enumeration -> Common Weakness Enumeration
Common Weakness Enumeration,security,phrase,3,synthetic,vowel_swap,common waakness enumeration,recovered,yes,please check the Common Weakness Enumeration now,common waakness enumeration -> Common Weakness Enumeration
Common Weakness Enumeration,security,phrase,3,synthetic,consonant_swap,common weagness enumeration,recovered,yes,please check the Common Weakness Enumeration now,common weagness enumeration -> Common Weakness Enumeration
exploit,security,single_word,1,canonical,canonical,exploit,recovered,yes,please check the exploit now,
exploit,security,single_word,1,synthetic,vowel_swap,oxploit,recovered,yes,please check the exploit now,oxploit -> exploit
exploit,security,single_word,1,synthetic,consonant_swap,exploid,recovered,yes,please check the exploit now,exploid -> exploit
exploit,security,single_word,1,synthetic,double_consonant,explloit,recovered,yes,please check the exploit now,explloit -> exploit
exploit,security,single_word,1,synthetic,drop_last,exploi,recovered,yes,please check the exploit now,exploi -> exploit
exploit,security,single_word,1,synthetic,respell,exployt,recovered,yes,please check the exploit now,exployt -> exploit
exploit,security,single_word,1,synthetic,split_word,expl oit,recovered,yes,please check the exploit now,expl oit -> exploit
exploit,security,single_word,1,synthetic,vowel_swap,exploet,recovered,yes,please check the exploit now,exploet -> exploit
exploit,security,single_word,1,synthetic,consonant_swap,exbloit,recovered,yes,please check the exploit now,exbloit -> exploit
exploit,security,single_word,1,synthetic,double_consonant,exxploit,recovered,yes,please check the exploit now,exxploit -> exploit
exploit,security,single_word,1,synthetic,split_word,exp loit,recovered,yes,please check the exploit now,exp loit -> exploit
remote code execution,security,phrase,3,canonical,canonical,remote code execution,recovered,yes,please check the remote code execution now,
remote code execution,security,phrase,3,synthetic,vowel_swap,remote codu execution,recovered,yes,please check the remote code execution now,remote codu execution -> remote code execution
remote code execution,security,phrase,3,synthetic,consonant_swap,remote code execudion,recovered,yes,please check the remote code execution now,remote code execudion -> remote code execution
remote code execution,security,phrase,3,synthetic,double_consonant,remote codde execution,recovered,yes,please check the remote code execution now,remote codde execution -> remote code execution
remote code execution,security,phrase,3,synthetic,drop_last,remote code executio,recovered,yes,please check the remote code execution now,remote code executio -> remote code execution
remote code execution,security,phrase,3,synthetic,respell,remote code executyon,recovered,yes,please check the remote code execution now,remote code executyon -> remote code execution
remote code execution,security,phrase,3,synthetic,split_word,remote code exec ution,garbled,no,please check the remote code execution ution now,remote code exec -> remote code execution
remote code execution,security,phrase,3,synthetic,merge_words,remotecode execution,recovered,yes,please check the remote code execution now,remotecode execution -> remote code execution
remote code execution,security,phrase,3,synthetic,swap_words,code remote execution,recovered,yes,please check the remote code execution now,code remote execution -> remote code execution
remote code execution,security,phrase,3,synthetic,vowel_swap,remote code uxecution,missed,no,please check the remote code uxecution now,
remote code execution,security,phrase,3,synthetic,consonant_swap,remote kode execution,recovered,yes,please check the remote code execution now,remote kode execution -> remote code execution
RCE,security,acronym,1,canonical,canonical,RCE,recovered,yes,please check the RCE now,
RCE,security,acronym,1,spelled,spelled,are see ee,missed,no,please check the are see ee now,
RCE,security,acronym,1,spelled,spelled_alt,arr sea e,missed,no,please check the arr sea e now,
SQL injection,security,phrase,2,canonical,canonical,SQL injection,recovered,yes,please check the SQL injection now,
SQL injection,security,phrase,2,spelled_token,spell_token,ess queue el injection,garbled,no,please check the SQL SQL injection now,ess queue el -> SQL; injection -> SQL injection
SQL injection,security,phrase,2,synthetic,vowel_swap,sql onjection,missed,no,please check the SQL onjection now,sql -> SQL
SQL injection,security,phrase,2,synthetic,consonant_swap,sql injectiom,missed,no,please check the SQL injectiom now,sql -> SQL
SQL injection,security,phrase,2,synthetic,double_consonant,sql injecction,missed,no,please check the SQL injecction now,sql -> SQL
SQL injection,security,phrase,2,synthetic,drop_last,sql injectio,missed,no,please check the SQL injectio now,sql -> SQL
SQL injection,security,phrase,2,synthetic,respell,sql ynjection,missed,no,please check the SQL ynjection now,sql -> SQL
SQL injection,security,phrase,2,synthetic,split_word,sql inj ection,missed,no,please check the SQL inj ection now,sql -> SQL
SQL injection,security,phrase,2,synthetic,merge_words,sqlinjection,missed,no,please check the sqlinjection now,
SQL injection,security,phrase,2,synthetic,swap_words,injection sql,garbled,no,please check the SQL injection SQL now,injection -> SQL injection; sql -> SQL
SQL injection,security,phrase,2,synthetic,vowel_swap,sql injiction,missed,no,please check the SQL injiction now,sql -> SQL
SQL injection,security,phrase,2,synthetic,consonant_swap,sql imjection,missed,no,please check the SQL imjection now,sql -> SQL
SQLi,security,acronym,1,canonical,canonical,SQLi,recovered,yes,please check the SQLi now,
SQLi,security,acronym,1,spelled,spelled,ess queue el eye,recovered,yes,please check the SQLi now,ess queue el eye -> SQLi
SQLi,security,acronym,1,spelled,spelled_alt,es kyu ell aye,recovered,yes,please check the SQLi now,es kyu ell aye -> SQLi
SQLi,security,acronym,1,synthetic,vowel_swap,sqla,wrong,no,please check the SQL now,sqla -> SQL
SQLi,security,acronym,1,synthetic,consonant_swap,zqli,missed,no,please check the zqli now,
SQLi,security,acronym,1,synthetic,double_consonant,sqqli,recovered,yes,please check the SQLi now,sqqli -> SQLi
SQLi,security,acronym,1,synthetic,respell,sqly,wrong,no,please check the SQL now,sqly -> SQL
SQLi,security,acronym,1,synthetic,vowel_swap,sqle,wrong,no,please check the SQL now,sqle -> SQL
SQLi,security,acronym,1,synthetic,consonant_swap,sqri,missed,no,please check the sqri now,
SQLi,security,acronym,1,synthetic,double_consonant,sqlli,recovered,yes,please check the SQLi now,sqlli -> SQLi
SQLi,security,acronym,1,synthetic,vowel_swap,sqlu,wrong,no,please check the SQL now,sqlu -> SQL
SQLi,security,acronym,1,synthetic,vowel_swap,sqlo,wrong,no,please check the SQL now,sqlo -> SQL
cross-site scripting,security,phrase,3,canonical,canonical,cross-site scripting,recovered,yes,please check the cross-site scripting now,
cross-site scripting,security,phrase,3,synthetic,vowel_swap,cross site screpting,missed,no,please check the cross site screpting now,
cross-site scripting,security,phrase,3,synthetic,consonant_swap,cross site zcripting,recovered,yes,please check the cross-site scripting now,cross site zcripting -> cross-site scripting
cross-site scripting,security,phrase,3,synthetic,double_consonant,cross site scrripting,missed,no,please check the cross site scrripting now,
cross-site scripting,security,phrase,3,synthetic,drop_last,cros site scripting,missed,no,please check the cros site scripting now,
cross-site scripting,security,phrase,3,synthetic,respell,cross site scriptyng,missed,no,please check the cross site scriptyng now,
cross-site scripting,security,phrase,3,synthetic,split_word,cross site scr ipting,missed,no,please check the cross site scr ipting now,
cross-site scripting,security,phrase,3,synthetic,merge_words,crosssite scripting,recovered,yes,please check the cross-site scripting now,crosssite scripting -> cross-site scripting
cross-site scripting,security,phrase,3,synthetic,swap_words,site cross scripting,garbled,no,please check the site cross-site scripting now,cross scripting -> cross-site scripting
cross-site scripting,security,phrase,3,synthetic,vowel_swap,cross site scrupting,missed,no,please check the cross site scrupting now,
cross-site scripting,security,phrase,3,synthetic,consonant_swap,cross zite scripting,missed,no,please check the cross zite scripting now,
XSS,security,acronym,1,canonical,canonical,XSS,recovered,yes,please check the XSS now,
XSS,security,acronym,1,spelled,spelled,ex ess ess,recovered,yes,please check the XSS now,ex ess ess -> XSS
XSS,security,acronym,1,spelled,spelled_alt,ecks es es,recovered,yes,please check the XSS now,ecks es es -> XSS
cross-site request forgery,security,phrase,4,canonical,canonical,cross-site request forgery,recovered,yes,please check the cross-site request forgery now,
cross-site request forgery,security,phrase,4,synthetic,vowel_swap,cross site requast forgery,recovered,yes,please check the cross-site request forgery now,cross site requast forgery -> cross-site request forgery
cross-site request forgery,security,phrase,4,synthetic,consonant_swap,cross zite request forgery,recovered,yes,please check the cross-site request forgery now,cross zite request forgery -> cross-site request forgery
cross-site request forgery,security,phrase,4,synthetic,double_consonant,crross site request forgery,recovered,yes,please check the cross-site request forgery now,crross site request forgery -> cross-site request forgery
cross-site request forgery,security,phrase,4,synthetic,drop_last,cros site request forgery,recovered,yes,please check the cross-site request forgery now,cros site request forgery -> cross-site request forgery
cross-site request forgery,security,phrase,4,synthetic,respell,cross site request forgeri,recovered,yes,please check the cross-site request forgery now,cross site request forgeri -> cross-site request forgery
cross-site request forgery,security,phrase,4,synthetic,split_word,cross site request for gery,missed,no,please check the cross site request for gery now,
cross-site request forgery,security,phrase,4,synthetic,merge_words,crosssite request forgery,recovered,yes,please check the cross-site request forgery now,crosssite request forgery -> cross-site request forgery
cross-site request forgery,security,phrase,4,synthetic,swap_words,cross site forgery request,recovered,yes,please check the cross-site request forgery now,cross site forgery request -> cross-site request forgery
cross-site request forgery,security,phrase,4,synthetic,vowel_swap,criss site request forgery,recovered,yes,please check the cross-site request forgery now,criss site request forgery -> cross-site request forgery
cross-site request forgery,security,phrase,4,synthetic,consonant_swap,cross site requezt forgery,recovered,yes,please check the cross-site request forgery now,cross site requezt forgery -> cross-site request forgery
CSRF,security,acronym,1,canonical,canonical,CSRF,recovered,yes,please check the CSRF now,
CSRF,security,acronym,1,spelled,spelled,see ess are ef,recovered,yes,please check the CSRF now,see ess are ef -> CSRF
CSRF,security,acronym,1,spelled,spelled_alt,sea es ar eff,recovered,yes,please check the CSRF now,sea es ar eff -> CSRF
CSRF,security,acronym,1,synthetic,consonant_swap,csrv,recovered,yes,please check the CSRF now,csrv -> CSRF
CSRF,security,acronym,1,synthetic,double_consonant,cssrf,recovered,yes,please check the CSRF now,cssrf -> CSRF
CSRF,security,acronym,1,synthetic,add_suffix,csrft,recovered,yes,please check the CSRF now,csrft -> CSRF
CSRF,security,acronym,1,synthetic,consonant_swap,czrf,recovered,yes,please check the CSRF now,czrf -> CSRF
CSRF,security,acronym,1,synthetic,double_consonant,csrrf,recovered,yes,please check the CSRF now,csrrf -> CSRF
CSRF,security,acronym,1,synthetic,add_suffix,csrfd,recovered,yes,please check the CSRF now,csrfd -> CSRF
CSRF,security,acronym,1,synthetic,consonant_swap,cslf,missed,no,please check the cslf now,
CSRF,security,acronym,1,synthetic,consonant_swap,ksrf,missed,no,please check the ksrf now,
server-side request forgery,security,phrase,4,canonical,canonical,server-side request forgery,recovered,yes,please check the server-side request forgery now,
server-side request forgery,security,phrase,4,synthetic,vowel_swap,server side request forgary,missed,no,please check the server side request forgary now,
server-side request forgery,security,phrase,4,synthetic,consonant_swap,server side lequest forgery,missed,no,please check the server side lequest forgery now,
server-side request forgery,security,phrase,4,synthetic,double_consonant,serrver side request forgery,recovered,no,please check the server side request forgery now,serrver -> server
server-side request forgery,security,phrase,4,synthetic,drop_last,server side reques forgery,missed,no,please check the server side reques forgery now,
server-side request forgery,security,phrase,4,synthetic,respell,cerver side request forgery,recovered,no,please check the server side request forgery now,cerver -> server
server-side request forgery,security,phrase,4,synthetic,split_word,server side req uest forgery,missed,no,please check the server side req uest forgery now,
server-side request forgery,security,phrase,4,synthetic,merge_words,server side requestforgery,missed,no,please check the server side requestforgery now,
server-side request forgery,security,phrase,4,synthetic,swap_words,server side forgery request,missed,no,please check the server side forgery request now,
server-side request forgery,security,phrase,4,synthetic,vowel_swap,servur side request forgery,recovered,yes,please check the server-side request forgery now,servur side request forgery -> server-side request forgery
server-side request forgery,security,phrase,4,synthetic,consonant_swap,zerver side request forgery,recovered,no,please check the server side request forgery now,zerver -> server
SSRF,security,acronym,1,canonical,canonical,SSRF,recovered,yes,please check the SSRF now,
SSRF,security,acronym,1,spelled,spelled,ess ess are ef,recovered,yes,please check the SSRF now,ess ess are ef -> SSRF
SSRF,security,acronym,1,spelled,spelled_alt,es es arr eff,recovered,yes,please check the SSRF now,es es arr eff -> SSRF
SSRF,security,acronym,1,synthetic,consonant_swap,ssrv,recovered,yes,please check the SSRF now,ssrv -> SSRF
SSRF,security,acronym,1,synthetic,double_consonant,ssrrf,recovered,yes,please check the SSRF now,ssrrf -> SSRF
SSRF,security,acronym,1,synthetic,add_suffix,ssrft,recovered,yes,please check the SSRF now,ssrft -> SSRF
SSRF,security,acronym,1,synthetic,consonant_swap,szrf,missed,no,please check the szrf now,
SSRF,security,acronym,1,synthetic,double_consonant,srf,recovered,yes,please check the SSRF now,srf -> SSRF
SSRF,security,acronym,1,synthetic,add_suffix,ssrfd,recovered,yes,please check the SSRF now,ssrfd -> SSRF
SSRF,security,acronym,1,synthetic,consonant_swap,zsrf,missed,no,please check the zsrf now,
SSRF,security,acronym,1,synthetic,consonant_swap,sslf,wrong,no,please check the SSL now,sslf -> SSL
command injection,security,phrase,2,canonical,canonical,command injection,recovered,yes,please check the command injection now,
command injection,security,phrase,2,synthetic,vowel_swap,command injectuon,recovered,yes,please check the command injection now,command injectuon -> command injection
command injection,security,phrase,2,synthetic,consonant_swap,command injektion,recovered,yes,please check the command injection now,command injektion -> command injection
command injection,security,phrase,2,synthetic,double_consonant,command innjection,recovered,yes,please check the command injection now,command innjection -> command injection
command injection,security,phrase,2,synthetic,drop_last,comman injection,recovered,yes,please check the command injection now,comman injection -> command injection
command injection,security,phrase,2,synthetic,respell,command ynjection,missed,no,please check the command ynjection now,
command injection,security,phrase,2,synthetic,split_word,command inje ction,garbled,no,please check the command injection ction now,command inje -> command injection
command injection,security,phrase,2,synthetic,merge_words,commandinjection,missed,no,please check the commandinjection now,
command injection,security,phrase,2,synthetic,swap_words,injection command,wrong,no,please check the SQL injection command now,injection -> SQL injection
command injection,security,phrase,2,synthetic,vowel_swap,cummand injection,recovered,yes,please check the command injection now,cummand injection -> command injection
command injection,security,phrase,2,synthetic,consonant_swap,conmand injection,recovered,yes,please check the command injection now,conmand injection -> command injection
directory traversal,security,phrase,2,canonical,canonical,directory traversal,recovered,yes,please check the directory traversal now,
directory traversal,security,phrase,2,synthetic,vowel_swap,directory travorsal,recovered,yes,please check the directory traversal now,directory travorsal -> directory traversal
directory traversal,security,phrase,2,synthetic,consonant_swap,directory tlaversal,recovered,yes,please check the directory traversal now,directory tlaversal -> directory traversal
directory traversal,security,phrase,2,synthetic,double_consonant,directory traverssal,recovered,yes,please check the directory traversal now,directory traverssal -> directory traversal
directory traversal,security,phrase,2,synthetic,drop_last,director traversal,recovered,yes,please check the directory traversal now,director traversal -> directory traversal
directory traversal,security,phrase,2,synthetic,respell,dyrectory traversal,recovered,yes,please check the directory traversal now,dyrectory traversal -> directory traversal
directory traversal,security,phrase,2,synthetic,split_word,directory tra versal,recovered,yes,please check the directory traversal now,directory tra versal -> directory traversal
directory traversal,security,phrase,2,synthetic,merge_words,directorytraversal,recovered,yes,please check the directory traversal now,directorytraversal -> directory traversal
directory traversal,security,phrase,2,synthetic,swap_words,traversal directory,missed,no,please check the traversal directory now,
directory traversal,security,phrase,2,synthetic,vowel_swap,directory troversal,recovered,yes,please check the directory traversal now,directory troversal -> directory traversal
directory traversal,security,phrase,2,synthetic,consonant_swap,direcdory traversal,recovered,yes,please check the directory traversal now,direcdory traversal -> directory traversal
insecure deserialization,security,phrase,2,canonical,canonical,insecure deserialization,recovered,yes,please check the insecure deserialization now,
insecure deserialization,security,phrase,2,synthetic,vowel_swap,insecure deserialozation,recovered,yes,please check the insecure deserialization now,insecure deserialozation -> insecure deserialization
insecure deserialization,security,phrase,2,synthetic,consonant_swap,insecure deserialisation,recovered,yes,please check the insecure deserialization now,insecure deserialisation -> insecure deserialization
insecure deserialization,security,phrase,2,synthetic,double_consonant,insecure deserrialization,recovered,yes,please check the insecure deserialization now,insecure deserrialization -> insecure deserialization
insecure deserialization,security,phrase,2,synthetic,drop_last,insecur deserialization,recovered,yes,please check the insecure deserialization now,insecur deserialization -> insecure deserialization
insecure deserialization,security,phrase,2,synthetic,respell,insecure decerialization,recovered,yes,please check the insecure deserialization now,insecure decerialization -> insecure deserialization
insecure deserialization,security,phrase,2,synthetic,split_word,insecure deseria lization,garbled,no,please check the insecure deserialization lization now,insecure deseria -> insecure deserialization
insecure deserialization,security,phrase,2,synthetic,merge_words,insecuredeserialization,recovered,yes,please check the insecure deserialization now,insecuredeserialization -> insecure deserialization
insecure deserialization,security,phrase,2,synthetic,swap_words,deserialization insecure,recovered,yes,please check the insecure deserialization now,deserialization insecure -> insecure deserialization
insecure deserialization,security,phrase,2,synthetic,vowel_swap,insecure duserialization,recovered,yes,please check the insecure deserialization now,insecure duserialization -> insecure deserialization
insecure deserialization,security,phrase,2,synthetic,consonant_swap,insecule deserialization,recovered,yes,please check the insecure deserialization now,insecule deserialization -> insecure deserialization
use-after-free,security,phrase,3,canonical,canonical,use-after-free,recovered,yes,please check the use-after-free now,
use-after-free,security,phrase,3,synthetic,vowel_swap,use after frue,recovered,yes,please check the use-after-free now,use after frue -> use-after-free
use-after-free,security,phrase,3,synthetic,consonant_swap,use afder free,recovered,yes,please check the use-after-free now,use afder free -> use-after-free
use-after-free,security,phrase,3,synthetic,double_consonant,use affter free,recovered,yes,please check the use-after-free now,use affter free -> use-after-free
use-after-free,security,phrase,3,synthetic,drop_last,use afte free,recovered,yes,please check the use-after-free now,use afte free -> use-after-free
use-after-free,security,phrase,3,synthetic,respell,use after frea,recovered,yes,please check the use-after-free now,use after frea -> use-after-free
use-after-free,security,phrase,3,synthetic,merge_words,use afterfree,recovered,yes,please check the use-after-free now,use afterfree -> use-after-free
use-after-free,security,phrase,3,synthetic,swap_words,after use free,missed,no,please check the after use free now,
use-after-free,security,phrase,3,synthetic,vowel_swap,use after frae,recovered,yes,please check the use-after-free now,use after frae -> use-after-free
use-after-free,security,phrase,3,synthetic,consonant_swap,use after vree,recovered,yes,please check the use-after-free now,use after vree -> use-after-free
use-after-free,security,phrase,3,synthetic,double_consonant,use after fre,recovered,yes,please check the use-after-free now,use after fre -> use-after-free
race condition,security,phrase,2,canonical,canonical,race condition,recovered,yes,please check the race condition now,
race condition,security,phrase,2,synthetic,vowel_swap,race candition,recovered,yes,please check the race condition now,race candition -> race condition
race condition,security,phrase,2,synthetic,consonant_swap,race condidion,recovered,yes,please check the race condition now,race condidion -> race condition
race condition,security,phrase,2,synthetic,double_consonant,race condittion,recovered,yes,please check the race condition now,race condittion -> race condition
race condition,security,phrase,2,synthetic,drop_last,race conditio,recovered,yes,please check the race condition now,race conditio -> race condition
race condition,security,phrase,2,synthetic,respell,race condytion,recovered,yes,please check the race condition now,race condytion -> race condition
race condition,security,phrase,2,synthetic,split_word,race condi tion,wrong,no,please check the RCE condi tion now,race -> RCE
race condition,security,phrase,2,synthetic,merge_words,racecondition,missed,no,please check the racecondition now,
race condition,security,phrase,2,synthetic,swap_words,condition race,wrong,no,please check the condition RCE now,race -> RCE
race condition,security,phrase,2,synthetic,vowel_swap,race condituon,recovered,yes,please check the race condition now,race condituon -> race condition
race condition,security,phrase,2,synthetic,consonant_swap,rake condition,recovered,yes,please check the race condition now,rake condition -> race condition
TOCTOU,security,acronym,1,canonical,canonical,TOCTOU,recovered,yes,please check the TOCTOU now,
TOCTOU,security,acronym,1,spelled,spelled,tea oh see tea oh you,missed,no,please check the tea oh see tea oh you now,
TOCTOU,security,acronym,1,spelled,spelled_alt,te owe sea tee o ewe,missed,no,please check the te owe sea tee o ewe now,
TOCTOU,security,acronym,1,synthetic,vowel_swap,toctoo,recovered,yes,please check the TOCTOU now,toctoo -> TOCTOU
TOCTOU,security,acronym,1,synthetic,consonant_swap,doctou,recovered,yes,please check the TOCTOU now,doctou -> TOCTOU
TOCTOU,security,acronym,1,synthetic,double_consonant,tocttou,recovered,yes,please check the TOCTOU now,tocttou -> TOCTOU
TOCTOU,security,acronym,1,synthetic,drop_last,tocto,recovered,yes,please check the TOCTOU now,tocto -> TOCTOU
TOCTOU,security,acronym,1,synthetic,respell,toctow,recovered,yes,please check the TOCTOU now,toctow -> TOCTOU
TOCTOU,security,acronym,1,synthetic,vowel_swap,tocteu,recovered,yes,please check the TOCTOU now,tocteu -> TOCTOU
TOCTOU,security,acronym,1,synthetic,consonant_swap,tocdou,recovered,yes,please check the TOCTOU now,tocdou -> TOCTOU
TOCTOU,security,acronym,1,synthetic,double_consonant,tocctou,recovered,yes,please check the TOCTOU now,tocctou -> TOCTOU
TOCTOU,security,acronym,1,synthetic,vowel_swap,toctuu,recovered,yes,please check the TOCTOU now,toctuu -> TOCTOU
TOCTOU,security,acronym,1,synthetic,consonant_swap,toktou,recovered,yes,please check the TOCTOU now,toktou -> TOCTOU
content security policy,security,phrase,3,canonical,canonical,content security policy,recovered,yes,please check the content security policy now,
content security policy,security,phrase,3,synthetic,vowel_swap,contant security policy,recovered,yes,please check the content security policy now,contant security policy -> content security policy
content security policy,security,phrase,3,synthetic,consonant_swap,content security poricy,recovered,yes,please check the content security policy now,content security poricy -> content security policy
content security policy,security,phrase,3,synthetic,double_consonant,conntent security policy,recovered,yes,please check the content security policy now,conntent security policy -> content security policy
content security policy,security,phrase,3,synthetic,drop_last,conten security policy,recovered,yes,please check the content security policy now,conten security policy -> content security policy
content security policy,security,phrase,3,synthetic,respell,content securyty policy,recovered,yes,please check the content security policy now,content securyty policy -> content security policy
content security policy,security,phrase,3,synthetic,split_word,content secu rity policy,recovered,yes,please check the content security policy now,content secu rity policy -> content security policy
content security policy,security,phrase,3,synthetic,merge_words,content securitypolicy,recovered,yes,please check the content security policy now,content securitypolicy -> content security policy
content security policy,security,phrase,3,synthetic,swap_words,security content policy,recovered,yes,please check the content security policy now,security content policy -> content security policy
content security policy,security,phrase,3,synthetic,vowel_swap,content secority policy,recovered,yes,please check the content security policy now,content secority policy -> content security policy
content security policy,security,phrase,3,synthetic,consonant_swap,content securidy policy,recovered,yes,please check the content security policy now,content securidy policy -> content security policy
CSP,security,acronym,1,canonical,canonical,CSP,recovered,yes,please check the CSP now,
CSP,security,acronym,1,spelled,spelled,see ess pea,recovered,yes,please check the CSP now,see ess pea -> CSP
CSP,security,acronym,1,spelled,spelled_alt,sea es pee,recovered,yes,please check the CSP now,sea es pee -> CSP
HTTP Strict Transport Security,security,phrase,4,canonical,canonical,HTTP Strict Transport Security,recovered,yes,please check the HTTP Strict Transport Security now,
HTTP Strict Transport Security,security,phrase,4,spelled_token,spell_token,aitch tea tea pea strict transport security,missed,no,please check the aitch tea tea pea strict transport security now,
HTTP Strict Transport Security,security,phrase,4,synthetic,vowel_swap,http strict trensport security,recovered,yes,please check the HTTP Strict Transport Security now,http strict trensport security -> HTTP Strict Transport Security
HTTP Strict Transport Security,security,phrase,4,synthetic,consonant_swap,hdtp strict transport security,recovered,yes,please check the HTTP Strict Transport Security now,hdtp strict transport security -> HTTP Strict Transport Security
HTTP Strict Transport Security,security,phrase,4,synthetic,double_consonant,http strict transport securitty,recovered,yes,please check the HTTP Strict Transport Security now,http strict transport securitty -> HTTP Strict Transport Security
HTTP Strict Transport Security,security,phrase,4,synthetic,drop_last,http stric transport security,recovered,yes,please check the HTTP Strict Transport Security now,http stric transport security -> HTTP Strict Transport Security
HTTP Strict Transport Security,security,phrase,4,synthetic,add_suffix,httpt strict transport security,recovered,yes,please check the HTTP Strict Transport Security now,httpt strict transport security -> HTTP Strict Transport Security
HTTP Strict Transport Security,security,phrase,4,synthetic,respell,http stryct transport security,recovered,yes,please check the HTTP Strict Transport Security now,http stryct transport security -> HTTP Strict Transport Security
HTTP Strict Transport Security,security,phrase,4,synthetic,split_word,http strict tran sport security,recovered,yes,please check the HTTP Strict Transport Security now,http strict tran sport security -> HTTP Strict Transport Security
HTTP Strict Transport Security,security,phrase,4,synthetic,merge_words,http strict transportsecurity,recovered,yes,please check the HTTP Strict Transport Security now,http strict transportsecurity -> HTTP Strict Transport Security
HTTP Strict Transport Security,security,phrase,4,synthetic,swap_words,strict http transport security,recovered,yes,please check the HTTP Strict Transport Security now,strict http transport security -> HTTP Strict Transport Security
HTTP Strict Transport Security,security,phrase,4,synthetic,vowel_swap,http strict transport sicurity,recovered,yes,please check the HTTP Strict Transport Security now,http strict transport sicurity -> HTTP Strict Transport Security
denial-of-service attack,security,phrase,4,canonical,canonical,denial-of-service attack,recovered,yes,please check the denial-of-service attack now,
denial-of-service attack,security,phrase,4,synthetic,vowel_swap,denial of survice attack,recovered,yes,please check the denial-of-service attack now,denial of survice attack -> denial-of-service attack
denial-of-service attack,security,phrase,4,synthetic,consonant_swap,denial of servike attack,missed,no,please check the denial of servike attack now,
denial-of-service attack,security,phrase,4,synthetic,double_consonant,denial of servicce attack,recovered,yes,please check the denial-of-service attack now,denial of servicce attack -> denial-of-service attack
denial-of-service attack,security,phrase,4,synthetic,drop_last,denial of servic attack,recovered,yes,please check the denial-of-service attack now,denial of servic attack -> denial-of-service attack
denial-of-service attack,security,phrase,4,synthetic,respell,denial of service attak,recovered,yes,please check the denial-of-service attack now,denial of service attak -> denial-of-service attack
denial-of-service attack,security,phrase,4,synthetic,split_word,denial of serv ice attack,wrong,no,please check the denial of server ice attack now,serv -> server
denial-of-service attack,security,phrase,4,synthetic,merge_words,denial of serviceattack,missed,no,please check the denial of serviceattack now,
denial-of-service attack,security,phrase,4,synthetic,swap_words,denial service of attack,recovered,yes,please check the denial-of-service attack now,denial service of attack -> denial-of-service attack
denial-of-service attack,security,phrase,4,synthetic,drop_filler,denial service attack,recovered,yes,please check the denial-of-service attack now,denial service attack -> denial-of-service attack
denial-of-service attack,security,phrase,4,synthetic,vowel_swap,deniul of service attack,recovered,yes,please check the denial-of-service attack now,deniul of service attack -> denial-of-service attack
web application firewall,security,phrase,3,canonical,canonical,web application firewall,recovered,yes,please check the web application firewall now,
web application firewall,security,phrase,3,synthetic,vowel_swap,web ipplication firewall,missed,no,please check the web ipplication firewall now,
web application firewall,security,phrase,3,synthetic,consonant_swap,web applicadion firewall,missed,no,please check the web applicadion firewall now,
web application firewall,security,phrase,3,synthetic,double_consonant,web aplication firewall,missed,no,please check the web aplication firewall now,
web application firewall,security,phrase,3,synthetic,drop_last,web applicatio firewall,missed,no,please check the web applicatio firewall now,
web application firewall,security,phrase,3,synthetic,respell,web applicatyon firewall,missed,no,please check the web applicatyon firewall now,
web application firewall,security,phrase,3,synthetic,split_word,web appli cation firewall,missed,no,please check the web appli cation firewall now,
web application firewall,security,phrase,3,synthetic,merge_words,webapplication firewall,missed,no,please check the webapplication firewall now,
web application firewall,security,phrase,3,synthetic,swap_words,application web firewall,wrong,no,please check the application gateway firewall now,application web -> application gateway
web application firewall,security,phrase,3,synthetic,vowel_swap,web upplication firewall,missed,no,please check the web upplication firewall now,
web application firewall,security,phrase,3,synthetic,consonant_swap,web application firewalr,garbled,no,please check the web application firewall firewall now,web application -> web application firewall; firewalr -> firewall
WAF,security,acronym,1,canonical,canonical,WAF,recovered,yes,please check the WAF now,
WAF,security,acronym,1,spelled,spelled,double you ay ef,recovered,yes,please check the WAF now,double you ay ef -> WAF
WAF,security,acronym,1,spelled,spelled_alt,dubya a eff,recovered,yes,please check the WAF now,dubya a eff -> WAF
WAF,security,acronym,1,synthetic,vowel_swap,wef,missed,no,please check the wef now,
WAF,security,acronym,1,synthetic,consonant_swap,wav,missed,no,please check the wav now,
WAF,security,acronym,1,synthetic,add_suffix,waft,recovered,yes,please check the WAF now,waft -> WAF
WAF,security,acronym,1,synthetic,vowel_swap,wuf,missed,no,please check the wuf now,
WAF,security,acronym,1,synthetic,add_suffix,wafd,recovered,yes,please check the WAF now,wafd -> WAF
WAF,security,acronym,1,synthetic,vowel_swap,wif,wrong,no,please check the Wi-Fi now,wif -> Wi-Fi
WAF,security,acronym,1,synthetic,vowel_swap,wof,missed,no,please check the wof now,
next-generation firewall,security,phrase,3,canonical,canonical,next-generation firewall,recovered,yes,please check the next-generation firewall now,
next-generation firewall,security,phrase,3,synthetic,vowel_swap,next geniration firewall,missed,no,please check the next geniration firewall now,
next-generation firewall,security,phrase,3,synthetic,consonant_swap,next genelation firewall,missed,no,please check the next genelation firewall now,
next-generation firewall,security,phrase,3,synthetic,double_consonant,next generation firrewall,recovered,no,please check the next generation firewall now,firrewall -> firewall
next-generation firewall,security,phrase,3,synthetic,drop_last,next generatio firewall,missed,no,please check the next generatio firewall now,
next-generation firewall,security,phrase,3,synthetic,add_suffix,nextd generation firewall,missed,no,please check the nextd generation firewall now,
next-generation firewall,security,phrase,3,synthetic,respell,next generatyon firewall,missed,no,please check the next generatyon firewall now,
next-generation firewall,security,phrase,3,synthetic,split_word,next generation firew all,recovered,no,please check the next generation firewall now,firew all -> firewall
next-generation firewall,security,phrase,3,synthetic,merge_words,next generationfirewall,missed,no,please check the next generationfirewall now,
next-generation firewall,security,phrase,3,synthetic,swap_words,generation next firewall,missed,no,please check the generation next firewall now,
next-generation firewall,security,phrase,3,synthetic,vowel_swap,next generation furewall,recovered,no,please check the next generation firewall now,furewall -> firewall
NGFW,security,acronym,1,canonical,canonical,NGFW,recovered,yes,please check the NGFW now,
NGFW,security,acronym,1,spelled,spelled,en gee ef double you,recovered,yes,please check the NGFW now,en gee ef double you -> NGFW
NGFW,security,acronym,1,spelled,spelled_alt,enn jee eff double u,recovered,yes,please check the NGFW now,enn jee eff double u -> NGFW
NGFW,security,acronym,1,synthetic,consonant_swap,nkfw,recovered,yes,please check the NGFW now,nkfw -> NGFW
NGFW,security,acronym,1,synthetic,double_consonant,nggfw,recovered,yes,please check the NGFW now,nggfw -> NGFW
NGFW,security,acronym,1,synthetic,add_suffix,ngfwd,recovered,yes,please check the NGFW now,ngfwd -> NGFW
NGFW,security,acronym,1,synthetic,consonant_swap,mgfw,missed,no,please check the mgfw now,
NGFW,security,acronym,1,synthetic,double_consonant,ngffw,recovered,yes,please check the NGFW now,ngffw -> NGFW
NGFW,security,acronym,1,synthetic,add_suffix,ngfwt,recovered,yes,please check the NGFW now,ngfwt -> NGFW
NGFW,security,acronym,1,synthetic,consonant_swap,ngvw,recovered,yes,please check the NGFW now,ngvw -> NGFW
intrusion detection system,security,phrase,3,canonical,canonical,intrusion detection system,recovered,yes,please check the intrusion detection system now,
intrusion detection system,security,phrase,3,synthetic,vowel_swap,intrusion detectuon system,recovered,yes,please check the intrusion detection system now,intrusion detectuon system -> intrusion detection system
intrusion detection system,security,phrase,3,synthetic,consonant_swap,intrusiom detection system,recovered,yes,please check the intrusion detection system now,intrusiom detection system -> intrusion detection system
intrusion detection system,security,phrase,3,synthetic,double_consonant,intrusion detection syystem,recovered,yes,please check the intrusion detection system now,intrusion detection syystem -> intrusion detection system
intrusion detection system,security,phrase,3,synthetic,drop_last,intrusion detectio system,recovered,yes,please check the intrusion detection system now,intrusion detectio system -> intrusion detection system
intrusion detection system,security,phrase,3,synthetic,respell,intrusyon detection system,recovered,yes,please check the intrusion detection system now,intrusyon detection system -> intrusion detection system
intrusion detection system,security,phrase,3,synthetic,split_word,intr usion detection system,recovered,yes,please check the intrusion detection system now,intr usion detection system -> intrusion detection system
intrusion detection system,security,phrase,3,synthetic,merge_words,intrusiondetection system,wrong,no,please check the intrusion prevention system now,intrusiondetection system -> intrusion prevention system
intrusion detection system,security,phrase,3,synthetic,swap_words,intrusion system detection,recovered,yes,please check the intrusion detection system now,intrusion system detection -> intrusion detection system
intrusion detection system,security,phrase,3,synthetic,vowel_swap,ontrusion detection system,recovered,yes,please check the intrusion detection system now,ontrusion detection system -> intrusion detection system
intrusion detection system,security,phrase,3,synthetic,consonant_swap,intlusion detection system,recovered,yes,please check the intrusion detection system now,intlusion detection system -> intrusion detection system
intrusion prevention system,security,phrase,3,canonical,canonical,intrusion prevention system,recovered,yes,please check the intrusion prevention system now,
intrusion prevention system,security,phrase,3,synthetic,vowel_swap,intrusaon prevention system,recovered,yes,please check the intrusion prevention system now,intrusaon prevention system -> intrusion prevention system
intrusion prevention system,security,phrase,3,synthetic,consonant_swap,intrusion prevention systen,recovered,yes,please check the intrusion prevention system now,intrusion prevention systen -> intrusion prevention system
intrusion prevention system,security,phrase,3,synthetic,double_consonant,intrrusion prevention system,recovered,yes,please check the intrusion prevention system now,intrrusion prevention system -> intrusion prevention system
intrusion prevention system,security,phrase,3,synthetic,drop_last,intrusio prevention system,recovered,yes,please check the intrusion prevention system now,intrusio prevention system -> intrusion prevention system
intrusion prevention system,security,phrase,3,synthetic,respell,intrushun prevention system,recovered,yes,please check the intrusion prevention system now,intrushun prevention system -> intrusion prevention system
intrusion prevention system,security,phrase,3,synthetic,split_word,intr usion prevention system,recovered,yes,please check the intrusion prevention system now,intr usion prevention system -> intrusion prevention system
intrusion prevention system,security,phrase,3,synthetic,merge_words,intrusion preventionsystem,recovered,yes,please check the intrusion prevention system now,intrusion preventionsystem -> intrusion prevention system
intrusion prevention system,security,phrase,3,synthetic,swap_words,prevention intrusion system,recovered,yes,please check the intrusion prevention system now,prevention intrusion system -> intrusion prevention system
intrusion prevention system,security,phrase,3,synthetic,vowel_swap,intruseon prevention system,recovered,yes,please check the intrusion prevention system now,intruseon prevention system -> intrusion prevention system
intrusion prevention system,security,phrase,3,synthetic,consonant_swap,intrusion preventiom system,recovered,yes,please check the intrusion prevention system now,intrusion preventiom system -> intrusion prevention system
firewall rule,security,phrase,2,canonical,canonical,firewall rule,recovered,yes,please check the firewall rule now,
firewall rule,security,phrase,2,synthetic,vowel_swap,firuwall rule,recovered,yes,please check the firewall rule now,firuwall rule -> firewall rule
firewall rule,security,phrase,2,synthetic,consonant_swap,firewall rure,missed,no,please check the firewall rure now,
firewall rule,security,phrase,2,synthetic,double_consonant,firewal rule,recovered,yes,please check the firewall rule now,firewal -> firewall
firewall rule,security,phrase,2,synthetic,respell,fyrewall rule,recovered,yes,please check the firewall rule now,fyrewall rule -> firewall rule
firewall rule,security,phrase,2,synthetic,split_word,fire wall rule,recovered,yes,please check the firewall rule now,fire wall -> firewall
firewall rule,security,phrase,2,synthetic,merge_words,firewallrule,recovered,yes,please check the firewall rule now,firewallrule -> firewall rule
firewall rule,security,phrase,2,synthetic,swap_words,rule firewall,missed,no,please check the rule firewall now,
firewall rule,security,phrase,2,synthetic,vowel_swap,firewall ruli,missed,no,please check the firewall ruli now,
firewall rule,security,phrase,2,synthetic,consonant_swap,filewall rule,recovered,yes,please check the firewall rule now,filewall -> firewall
firewall rule,security,phrase,2,synthetic,double_consonant,firrewall rule,recovered,yes,please check the firewall rule now,firrewall -> firewall
network segmentation,security,phrase,2,canonical,canonical,network segmentation,recovered,yes,please check the network segmentation now,
network segmentation,security,phrase,2,synthetic,vowel_swap,natwork segmentation,recovered,yes,please check the network segmentation now,natwork segmentation -> network segmentation
network segmentation,security,phrase,2,synthetic,consonant_swap,network segmendation,recovered,yes,please check the network segmentation now,network segmendation -> network segmentation
network segmentation,security,phrase,2,synthetic,double_consonant,netwwork segmentation,recovered,yes,please check the network segmentation now,netwwork segmentation -> network segmentation
network segmentation,security,phrase,2,synthetic,drop_last,networ segmentation,recovered,yes,please check the network segmentation now,networ segmentation -> network segmentation
network segmentation,security,phrase,2,synthetic,respell,network segmentashun,recovered,yes,please check the network segmentation now,network segmentashun -> network segmentation
network segmentation,security,phrase,2,synthetic,split_word,net work segmentation,missed,no,please check the net work segmentation now,
network segmentation,security,phrase,2,synthetic,merge_words,networksegmentation,recovered,yes,please check the network segmentation now,networksegmentation -> network segmentation
network segmentation,security,phrase,2,synthetic,swap_words,segmentation network,recovered,yes,please check the network segmentation now,segmentation network -> network segmentation
network segmentation,security,phrase,2,synthetic,vowel_swap,network sogmentation,recovered,yes,please check the network segmentation now,network sogmentation -> network segmentation
network segmentation,security,phrase,2,synthetic,consonant_swap,network sekmentation,recovered,yes,please check the network segmentation now,network sekmentation -> network segmentation
microsegmentation,security,single_word,1,canonical,canonical,microsegmentation,recovered,yes,please check the microsegmentation now,
microsegmentation,security,single_word,1,synthetic,vowel_swap,microsugmentation,recovered,yes,please check the microsegmentation now,microsugmentation -> microsegmentation
microsegmentation,security,single_word,1,synthetic,consonant_swap,microsegmentadion,recovered,yes,please check the microsegmentation now,microsegmentadion -> microsegmentation
microsegmentation,security,single_word,1,synthetic,double_consonant,microsegmenttation,recovered,yes,please check the microsegmentation now,microsegmenttation -> microsegmentation
microsegmentation,security,single_word,1,synthetic,drop_last,microsegmentatio,recovered,yes,please check the microsegmentation now,microsegmentatio -> microsegmentation
microsegmentation,security,single_word,1,synthetic,respell,mycrosegmentation,recovered,yes,please check the microsegmentation now,mycrosegmentation -> microsegmentation
microsegmentation,security,single_word,1,synthetic,split_word,microse gmentation,recovered,yes,please check the microsegmentation now,microse gmentation -> microsegmentation
microsegmentation,security,single_word,1,synthetic,vowel_swap,mecrosegmentation,recovered,yes,please check the microsegmentation now,mecrosegmentation -> microsegmentation
microsegmentation,security,single_word,1,synthetic,consonant_swap,nicrosegmentation,recovered,yes,please check the microsegmentation now,nicrosegmentation -> microsegmentation
microsegmentation,security,single_word,1,synthetic,double_consonant,microsegmmentation,recovered,yes,please check the microsegmentation now,microsegmmentation -> microsegmentation
microsegmentation,security,single_word,1,synthetic,respell,microsegmentatyon,recovered,yes,please check the microsegmentation now,microsegmentatyon -> microsegmentation
defense in depth,security,phrase,3,canonical,canonical,defense in depth,recovered,yes,please check the defense in depth now,
defense in depth,security,phrase,3,synthetic,vowel_swap,defense in dopth,recovered,yes,please check the defense in depth now,defense in dopth -> defense in depth
defense in depth,security,phrase,3,synthetic,consonant_swap,defenze in depth,recovered,yes,please check the defense in depth now,defenze in depth -> defense in depth
defense in depth,security,phrase,3,synthetic,double_consonant,defennse in depth,recovered,yes,please check the defense in depth now,defennse in depth -> defense in depth
defense in depth,security,phrase,3,synthetic,drop_last,defense in dept,recovered,yes,please check the defense in depth now,defense in dept -> defense in depth
defense in depth,security,phrase,3,synthetic,respell,defence in depth,recovered,yes,please check the defense in depth now,defence in depth -> defense in depth
defense in depth,security,phrase,3,synthetic,split_word,def ense in depth,missed,no,please check the def ense in depth now,
defense in depth,security,phrase,3,synthetic,merge_words,defensein depth,garbled,no,please check the defense in depth,defensein depth now -> defense in depth
defense in depth,security,phrase,3,synthetic,swap_words,in defense depth,recovered,yes,please check the defense in depth now,in defense depth -> defense in depth
defense in depth,security,phrase,3,synthetic,drop_filler,defense depth,garbled,no,please check the defense in depth,defense depth now -> defense in depth
defense in depth,security,phrase,3,synthetic,vowel_swap,dofense in depth,missed,no,please check the dofense in depth now,
honeypot,security,single_word,1,canonical,canonical,honeypot,recovered,yes,please check the honeypot now,
honeypot,security,single_word,1,synthetic,vowel_swap,heneypot,recovered,yes,please check the honeypot now,heneypot -> honeypot
honeypot,security,single_word,1,synthetic,consonant_swap,honeypod,recovered,yes,please check the honeypot now,honeypod -> honeypot
honeypot,security,single_word,1,synthetic,double_consonant,honneypot,recovered,yes,please check the honeypot now,honneypot -> honeypot
honeypot,security,single_word,1,synthetic,drop_last,honeypo,recovered,yes,please check the honeypot now,honeypo -> honeypot
honeypot,security,single_word,1,synthetic,respell,honeipot,recovered,yes,please check the honeypot now,honeipot -> honeypot
honeypot,security,single_word,1,synthetic,split_word,hone ypot,recovered,yes,please check the honeypot now,hone ypot -> honeypot
honeypot,security,single_word,1,synthetic,vowel_swap,honeyput,recovered,yes,please check the honeypot now,honeyput -> honeypot
honeypot,security,single_word,1,synthetic,consonant_swap,honeybot,recovered,yes,please check the honeypot now,honeybot -> honeypot
honeypot,security,single_word,1,synthetic,double_consonant,honeyppot,recovered,yes,please check the honeypot now,honeyppot -> honeypot
honeypot,security,single_word,1,synthetic,split_word,honey pot,recovered,yes,please check the honeypot now,honey pot -> honeypot
honeynet,security,single_word,1,canonical,canonical,honeynet,recovered,yes,please check the honeynet now,
honeynet,security,single_word,1,synthetic,vowel_swap,honuynet,recovered,yes,please check the honeynet now,honuynet -> honeynet
honeynet,security,single_word,1,synthetic,consonant_swap,homeynet,missed,no,please check the homeynet now,
honeynet,security,single_word,1,synthetic,double_consonant,honeynnet,recovered,yes,please check the honeynet now,honeynnet -> honeynet
honeynet,security,single_word,1,synthetic,drop_last,honeyne,recovered,yes,please check the honeynet now,honeyne -> honeynet
honeynet,security,single_word,1,synthetic,respell,honeinet,recovered,yes,please check the honeynet now,honeinet -> honeynet
honeynet,security,single_word,1,synthetic,split_word,hone ynet,recovered,yes,please check the honeynet now,hone ynet -> honeynet
honeynet,security,single_word,1,synthetic,vowel_swap,hineynet,recovered,yes,please check the honeynet now,hineynet -> honeynet
honeynet,security,single_word,1,synthetic,consonant_swap,honeyned,recovered,yes,please check the honeynet now,honeyned -> honeynet
honeynet,security,single_word,1,synthetic,double_consonant,honneynet,recovered,yes,please check the honeynet now,honneynet -> honeynet
honeynet,security,single_word,1,synthetic,split_word,honey net,recovered,yes,please check the honeynet now,honey net -> honeynet
sandboxing,security,single_word,1,canonical,canonical,sandboxing,recovered,yes,please check the sandboxing now,
sandboxing,security,single_word,1,synthetic,vowel_swap,sandbexing,recovered,yes,please check the sandboxing now,sandbexing -> sandboxing
sandboxing,security,single_word,1,synthetic,consonant_swap,zandboxing,recovered,yes,please check the sandboxing now,zandboxing -> sandboxing
sandboxing,security,single_word,1,synthetic,double_consonant,sandboxinng,recovered,yes,please check the sandboxing now,sandboxinng -> sandboxing
sandboxing,security,single_word,1,synthetic,drop_last,sandboxin,recovered,yes,please check the sandboxing now,sandboxin -> sandboxing
sandboxing,security,single_word,1,synthetic,respell,sandboxyng,recovered,yes,please check the sandboxing now,sandboxyng -> sandboxing
sandboxing,security,single_word,1,synthetic,split_word,sandbo xing,recovered,yes,please check the sandboxing now,sandbo xing -> sandboxing
sandboxing,security,single_word,1,synthetic,vowel_swap,sendboxing,recovered,yes,please check the sandboxing now,sendboxing -> sandboxing
sandboxing,security,single_word,1,synthetic,consonant_swap,samdboxing,recovered,yes,please check the sandboxing now,samdboxing -> sandboxing
sandboxing,security,single_word,1,synthetic,double_consonant,sanndboxing,recovered,yes,please check the sandboxing now,sanndboxing -> sandboxing
sandboxing,security,single_word,1,synthetic,split_word,sandb oxing,recovered,yes,please check the sandboxing now,sandb oxing -> sandboxing
ransomware,security,single_word,1,canonical,canonical,ransomware,recovered,yes,please check the ransomware now,
ransomware,security,single_word,1,synthetic,vowel_swap,rensomware,recovered,yes,please check the ransomware now,rensomware -> ransomware
ransomware,security,single_word,1,synthetic,consonant_swap,ransonware,recovered,yes,please check the ransomware now,ransonware -> ransomware
ransomware,security,single_word,1,synthetic,double_consonant,ransomwarre,recovered,yes,please check the ransomware now,ransomwarre -> ransomware
ransomware,security,single_word,1,synthetic,drop_last,ransomwar,recovered,yes,please check the ransomware now,ransomwar -> ransomware
ransomware,security,single_word,1,synthetic,split_word,ransom ware,recovered,yes,please check the ransomware now,ransom ware -> ransomware
ransomware,security,single_word,1,synthetic,vowel_swap,ransamware,recovered,yes,please check the ransomware now,ransamware -> ransomware
ransomware,security,single_word,1,synthetic,consonant_swap,lansomware,recovered,yes,please check the ransomware now,lansomware -> ransomware
ransomware,security,single_word,1,synthetic,double_consonant,rannsomware,recovered,yes,please check the ransomware now,rannsomware -> ransomware
ransomware,security,single_word,1,synthetic,split_word,ranso mware,recovered,yes,please check the ransomware now,ranso mware -> ransomware
ransomware,security,single_word,1,synthetic,vowel_swap,ransomwara,recovered,yes,please check the ransomware now,ransomwara -> ransomware
rootkit,security,single_word,1,canonical,canonical,rootkit,recovered,yes,please check the rootkit now,
rootkit,security,single_word,1,synthetic,vowel_swap,roetkit,recovered,yes,please check the rootkit now,roetkit -> rootkit
rootkit,security,single_word,1,synthetic,consonant_swap,roodkit,recovered,yes,please check the rootkit now,roodkit -> rootkit
rootkit,security,single_word,1,synthetic,double_consonant,rotkit,recovered,yes,please check the rootkit now,rotkit -> rootkit
rootkit,security,single_word,1,synthetic,drop_last,rootki,recovered,yes,please check the rootkit now,rootki -> rootkit
rootkit,security,single_word,1,synthetic,respell,rootkyt,recovered,yes,please check the rootkit now,rootkyt -> rootkit
rootkit,security,single_word,1,synthetic,split_word,roo tkit,recovered,yes,please check the rootkit now,roo tkit -> rootkit
rootkit,security,single_word,1,synthetic,vowel_swap,rootkot,recovered,yes,please check the rootkit now,rootkot -> rootkit
rootkit,security,single_word,1,synthetic,consonant_swap,rootgit,recovered,yes,please check the rootkit now,rootgit -> rootkit
rootkit,security,single_word,1,synthetic,double_consonant,rootkkit,recovered,yes,please check the rootkit now,rootkkit -> rootkit
rootkit,security,single_word,1,synthetic,split_word,root kit,recovered,yes,please check the rootkit now,root kit -> rootkit
bootkit,security,single_word,1,canonical,canonical,bootkit,recovered,yes,please check the bootkit now,
bootkit,security,single_word,1,synthetic,vowel_swap,boitkit,recovered,yes,please check the bootkit now,boitkit -> bootkit
bootkit,security,single_word,1,synthetic,consonant_swap,pootkit,missed,no,please check the pootkit now,
bootkit,security,single_word,1,synthetic,double_consonant,bootkkit,recovered,yes,please check the bootkit now,bootkkit -> bootkit
bootkit,security,single_word,1,synthetic,drop_last,bootki,recovered,yes,please check the bootkit now,bootki -> bootkit
bootkit,security,single_word,1,synthetic,respell,bootkyt,recovered,yes,please check the bootkit now,bootkyt -> bootkit
bootkit,security,single_word,1,synthetic,split_word,boo tkit,recovered,yes,please check the bootkit now,boo tkit -> bootkit
bootkit,security,single_word,1,synthetic,vowel_swap,buotkit,recovered,yes,please check the bootkit now,buotkit -> bootkit
bootkit,security,single_word,1,synthetic,consonant_swap,boodkit,recovered,yes,please check the bootkit now,boodkit -> bootkit
bootkit,security,single_word,1,synthetic,double_consonant,boottkit,recovered,yes,please check the bootkit now,boottkit -> bootkit
bootkit,security,single_word,1,synthetic,split_word,boot kit,recovered,yes,please check the bootkit now,boot kit -> bootkit
keylogger,security,single_word,1,canonical,canonical,keylogger,recovered,yes,please check the keylogger now,
keylogger,security,single_word,1,synthetic,vowel_swap,keylugger,recovered,yes,please check the keylogger now,keylugger -> keylogger
keylogger,security,single_word,1,synthetic,consonant_swap,geylogger,missed,no,please check the geylogger now,
keylogger,security,single_word,1,synthetic,double_consonant,keyloger,recovered,yes,please check the keylogger now,keyloger -> keylogger
keylogger,security,single_word,1,synthetic,drop_last,keylogge,recovered,yes,please check the keylogger now,keylogge -> keylogger
keylogger,security,single_word,1,synthetic,respell,keilogger,recovered,yes,please check the keylogger now,keilogger -> keylogger
keylogger,security,single_word,1,synthetic,split_word,key logger,recovered,yes,please check the keylogger now,key logger -> keylogger
keylogger,security,single_word,1,synthetic,vowel_swap,keyloggar,recovered,yes,please check the keylogger now,keyloggar -> keylogger
keylogger,security,single_word,1,synthetic,consonant_swap,keyloggel,recovered,yes,please check the keylogger now,keyloggel -> keylogger
keylogger,security,single_word,1,synthetic,double_consonant,keyllogger,recovered,yes,please check the keylogger now,keyllogger -> keylogger
keylogger,security,single_word,1,synthetic,split_word,keyl ogger,recovered,yes,please check the keylogger now,keyl ogger -> keylogger
botnet,security,single_word,1,canonical,canonical,botnet,recovered,yes,please check the botnet now,
botnet,security,single_word,1,synthetic,vowel_swap,botnit,recovered,yes,please check the botnet now,botnit -> botnet
botnet,security,single_word,1,synthetic,consonant_swap,bodnet,recovered,yes,please check the botnet now,bodnet -> botnet
botnet,security,single_word,1,synthetic,double_consonant,bottnet,recovered,yes,please check the botnet now,bottnet -> botnet
botnet,security,single_word,1,synthetic,drop_last,botne,recovered,yes,please check the botnet now,botne -> botnet
botnet,security,single_word,1,synthetic,vowel_swap,batnet,recovered,yes,please check the botnet now,batnet -> botnet
botnet,security,single_word,1,synthetic,consonant_swap,potnet,missed,no,please check the potnet now,
botnet,security,single_word,1,synthetic,double_consonant,botnnet,recovered,yes,please check the botnet now,botnnet -> botnet
botnet,security,single_word,1,synthetic,vowel_swap,bitnet,recovered,yes,please check the botnet now,bitnet -> botnet
botnet,security,single_word,1,synthetic,consonant_swap,botned,recovered,yes,please check the botnet now,botned -> botnet
botnet,security,single_word,1,synthetic,vowel_swap,botnot,recovered,yes,please check the botnet now,botnot -> botnet
command and control,security,phrase,3,canonical,canonical,command and control,recovered,yes,please check the command and control now,
command and control,security,phrase,3,synthetic,vowel_swap,command and contrel,recovered,yes,please check the command and control now,command and contrel -> command and control
command and control,security,phrase,3,synthetic,consonant_swap,command and comtrol,recovered,yes,please check the command and control now,command and comtrol -> command and control
command and control,security,phrase,3,synthetic,double_consonant,commannd and control,recovered,yes,please check the command and control now,commannd and control -> command and control
command and control,security,phrase,3,synthetic,drop_last,comman and control,recovered,yes,please check the command and control now,comman and control -> command and control
command and control,security,phrase,3,synthetic,split_word,command and con trol,recovered,yes,please check the command and control now,command and con trol -> command and control
command and control,security,phrase,3,synthetic,merge_words,command andcontrol,missed,no,please check the command andcontrol now,
command and control,security,phrase,3,synthetic,swap_words,command control and,recovered,yes,please check the command and control now,command control and -> command and control
command and control,security,phrase,3,synthetic,drop_filler,command control,missed,no,please check the command control now,
command and control,security,phrase,3,synthetic,vowel_swap,commond and control,recovered,yes,please check the command and control now,commond and control -> command and control
command and control,security,phrase,3,synthetic,consonant_swap,conmand and control,recovered,yes,please check the command and control now,conmand and control -> command and control
C2,security,acronym_digits,1,canonical,canonical,C2,recovered,yes,please check the C2 now,
C2,security,acronym_digits,1,synthetic,spoken_digits,c two,missed,no,please check the c two now,
C2,security,acronym_digits,1,synthetic,spoken_digits_spelled,see two,missed,no,please check the see two now,
living off the land,security,phrase,4,canonical,canonical,living off the land,recovered,yes,please check the living off the land now,
living off the land,security,phrase,4,synthetic,vowel_swap,livung off the land,garbled,no,please check the living off the land LAN now,livung off the -> living off the land; land -> LAN
living off the land,security,phrase,4,synthetic,consonant_swap,living off the rand,garbled,no,please check the living off the land rand now,living off the -> living off the land
living off the land,security,phrase,4,synthetic,double_consonant,livving off the land,garbled,no,please check the living off the land LAN now,livving off the -> living off the land; land -> LAN
living off the land,security,phrase,4,synthetic,drop_last,livin off the land,garbled,no,please check the living off the land LAN now,livin off the -> living off the land; land -> LAN
living off the land,security,phrase,4,synthetic,add_suffix,living off the landt,recovered,yes,please check the living off the land now,living off the landt -> living off the land
living off the land,security,phrase,4,synthetic,respell,lyving off the land,recovered,yes,please check the living off the land now,lyving off the land -> living off the land
living off the land,security,phrase,4,synthetic,merge_words,livingoff the land,recovered,yes,please check the living off the land now,livingoff the land -> living off the land
living off the land,security,phrase,4,synthetic,swap_words,off living the land,recovered,yes,please check the living off the land now,off living the land -> living off the land
living off the land,security,phrase,4,synthetic,drop_filler,living off land,garbled,no,please check living off the land now,the living off land -> living off the land
living off the land,security,phrase,4,synthetic,vowel_swap,livong off the land,recovered,yes,please check the living off the land now,livong off the land -> living off the land
LOTL,security,acronym,1,canonical,canonical,LOTL,recovered,yes,please check the LOTL now,
LOTL,security,acronym,1,spelled,spelled,el oh tea el,recovered,yes,please check the LOTL now,el oh tea el -> LOTL
LOTL,security,acronym,1,spelled,spelled_alt,ell owe te ell,recovered,yes,please check the LOTL now,ell owe te ell -> LOTL
LOTL,security,acronym,1,synthetic,vowel_swap,lutl,recovered,yes,please check the LOTL now,lutl -> LOTL
LOTL,security,acronym,1,synthetic,consonant_swap,rotl,missed,no,please check the rotl now,
LOTL,security,acronym,1,synthetic,double_consonant,lottl,recovered,yes,please check the LOTL now,lottl -> LOTL
LOTL,security,acronym,1,synthetic,add_suffix,lotld,recovered,yes,please check the LOTL now,lotld -> LOTL
LOTL,security,acronym,1,synthetic,vowel_swap,latl,recovered,yes,please check the LOTL now,latl -> LOTL
LOTL,security,acronym,1,synthetic,consonant_swap,lotr,missed,no,please check the lotr now,
LOTL,security,acronym,1,synthetic,add_suffix,lotlt,recovered,yes,please check the LOTL now,lotlt -> LOTL
LOTL,security,acronym,1,synthetic,vowel_swap,letl,recovered,yes,please check the LOTL now,letl -> LOTL
LOTL,security,acronym,1,synthetic,consonant_swap,lodl,recovered,yes,please check the LOTL now,lodl -> LOTL
LOTL,security,acronym,1,synthetic,vowel_swap,litl,recovered,yes,please check the LOTL now,litl -> LOTL
spear phishing,security,phrase,2,canonical,canonical,spear phishing,recovered,yes,please check the spear phishing now,
spear phishing,security,phrase,2,synthetic,vowel_swap,spear phoshing,recovered,yes,please check the spear phishing now,spear phoshing -> spear phishing
spear phishing,security,phrase,2,synthetic,consonant_swap,spear phishink,recovered,yes,please check the spear phishing now,spear phishink -> spear phishing
spear phishing,security,phrase,2,synthetic,double_consonant,sppear phishing,missed,no,please check the sppear phishing now,
spear phishing,security,phrase,2,synthetic,drop_last,spear phishin,recovered,yes,please check the spear phishing now,spear phishin -> spear phishing
spear phishing,security,phrase,2,synthetic,respell,spear phishyng,recovered,yes,please check the spear phishing now,spear phishyng -> spear phishing
spear phishing,security,phrase,2,synthetic,split_word,spear phi shing,recovered,yes,please check the spear phishing now,phi shing -> phishing
spear phishing,security,phrase,2,synthetic,merge_words,spearphishing,missed,no,please check the spearphishing now,
spear phishing,security,phrase,2,synthetic,swap_words,phishing spear,missed,no,please check the phishing spear now,
spear phishing,security,phrase,2,synthetic,vowel_swap,spoar phishing,missed,no,please check the spoar phishing now,
spear phishing,security,phrase,2,synthetic,consonant_swap,spear phizhing,recovered,yes,please check the spear phishing now,spear phizhing -> spear phishing
credential stuffing,security,phrase,2,canonical,canonical,credential stuffing,recovered,yes,please check the credential stuffing now,
credential stuffing,security,phrase,2,synthetic,vowel_swap,cradential stuffing,recovered,yes,please check the credential stuffing now,cradential stuffing -> credential stuffing
credential stuffing,security,phrase,2,synthetic,consonant_swap,cretential stuffing,recovered,yes,please check the credential stuffing now,cretential stuffing -> credential stuffing
credential stuffing,security,phrase,2,synthetic,double_consonant,credential sttuffing,recovered,yes,please check the credential stuffing now,credential sttuffing -> credential stuffing
credential stuffing,security,phrase,2,synthetic,drop_last,credential stuffin,recovered,yes,please check the credential stuffing now,credential stuffin -> credential stuffing
credential stuffing,security,phrase,2,synthetic,respell,credential stuffyng,recovered,yes,please check the credential stuffing now,credential stuffyng -> credential stuffing
credential stuffing,security,phrase,2,synthetic,split_word,credential stuff ing,wrong,no,please check the credentials stuff ing now,credential -> credentials
credential stuffing,security,phrase,2,synthetic,merge_words,credentialstuffing,recovered,yes,please check the credential stuffing now,credentialstuffing -> credential stuffing
credential stuffing,security,phrase,2,synthetic,swap_words,stuffing credential,wrong,no,please check the stuffing credentials now,credential -> credentials
credential stuffing,security,phrase,2,synthetic,vowel_swap,credential stiffing,recovered,yes,please check the credential stuffing now,credential stiffing -> credential stuffing
credential stuffing,security,phrase,2,synthetic,consonant_swap,credendial stuffing,recovered,yes,please check the credential stuffing now,credendial stuffing -> credential stuffing
password spraying,security,phrase,2,canonical,canonical,password spraying,recovered,yes,please check the password spraying now,
password spraying,security,phrase,2,synthetic,vowel_swap,pessword spraying,recovered,yes,please check the password spraying now,pessword spraying -> password spraying
password spraying,security,phrase,2,synthetic,consonant_swap,password sprayink,recovered,yes,please check the password spraying now,password sprayink -> password spraying
password spraying,security,phrase,2,synthetic,double_consonant,password sppraying,recovered,yes,please check the password spraying now,password sppraying -> password spraying
password spraying,security,phrase,2,synthetic,drop_last,passwor spraying,recovered,yes,please check the password spraying now,passwor spraying -> password spraying
password spraying,security,phrase,2,synthetic,respell,password spraiing,recovered,yes,please check the password spraying now,password spraiing -> password spraying
password spraying,security,phrase,2,synthetic,split_word,pass word spraying,missed,no,please check the pass word spraying now,
password spraying,security,phrase,2,synthetic,merge_words,passwordspraying,recovered,yes,please check the password spraying now,passwordspraying -> password spraying
password spraying,security,phrase,2,synthetic,swap_words,spraying password,missed,no,please check the spraying password now,
password spraying,security,phrase,2,synthetic,vowel_swap,passwird spraying,recovered,yes,please check the password spraying now,passwird spraying -> password spraying
password spraying,security,phrase,2,synthetic,consonant_swap,password zpraying,recovered,yes,please check the password spraying now,password zpraying -> password spraying
pass-the-hash,security,phrase,3,canonical,canonical,pass-the-hash,recovered,yes,please check the pass-the-hash now,
pass-the-hash,security,phrase,3,synthetic,vowel_swap,poss the hash,recovered,yes,please check the pass-the-hash now,poss the hash -> pass-the-hash
pass-the-hash,security,phrase,3,synthetic,consonant_swap,pass the hazh,recovered,yes,please check the pass-the-hash now,pass the hazh -> pass-the-hash
pass-the-hash,security,phrase,3,synthetic,double_consonant,pas the hash,recovered,yes,please check the pass-the-hash now,pas the hash -> pass-the-hash
pass-the-hash,security,phrase,3,synthetic,add_suffix,passt the hash,recovered,yes,please check the pass-the-hash now,passt the hash -> pass-the-hash
pass-the-hash,security,phrase,3,synthetic,merge_words,passthe hash,recovered,yes,please check the pass-the-hash now,passthe hash -> pass-the-hash
pass-the-hash,security,phrase,3,synthetic,swap_words,pass hash the,missed,no,please check the pass hash the now,
pass-the-hash,security,phrase,3,synthetic,drop_filler,pass hash,missed,no,please check the pass hash now,
pass-the-hash,security,phrase,3,synthetic,vowel_swap,pass the hush,recovered,yes,please check the pass-the-hash now,pass the hush -> pass-the-hash
pass-the-hash,security,phrase,3,synthetic,consonant_swap,bass the hash,missed,no,please check the bass the hash now,
pass-the-hash,security,phrase,3,synthetic,double_consonant,pass the hassh,recovered,yes,please check the pass-the-hash now,pass the hassh -> pass-the-hash
pass-the-ticket,security,phrase,3,canonical,canonical,pass-the-ticket,recovered,yes,please check the pass-the-ticket now,
pass-the-ticket,security,phrase,3,synthetic,vowel_swap,pass the tickut,recovered,yes,please check the pass-the-ticket now,pass the tickut -> pass-the-ticket
pass-the-ticket,security,phrase,3,synthetic,consonant_swap,pasz the ticket,missed,no,please check the pasz the ticket now,
pass-the-ticket,security,phrase,3,synthetic,double_consonant,pas the ticket,missed,no,please check the pas the ticket now,
pass-the-ticket,security,phrase,3,synthetic,drop_last,pass the ticke,recovered,yes,please check the pass-the-ticket now,pass the ticke -> pass-the-ticket
pass-the-ticket,security,phrase,3,synthetic,add_suffix,passt the ticket,missed,no,please check the passt the ticket now,
pass-the-ticket,security,phrase,3,synthetic,respell,pass the tycket,recovered,yes,please check the pass-the-ticket now,pass the tycket -> pass-the-ticket
pass-the-ticket,security,phrase,3,synthetic,merge_words,passthe ticket,missed,no,please check the passthe ticket now,
pass-the-ticket,security,phrase,3,synthetic,swap_words,pass ticket the,missed,no,please check the pass ticket the now,
pass-the-ticket,security,phrase,3,synthetic,drop_filler,pass ticket,missed,no,please check the pass ticket now,
pass-the-ticket,security,phrase,3,synthetic,vowel_swap,puss the ticket,missed,no,please check the puss the ticket now,
privilege escalation,security,phrase,2,canonical,canonical,privilege escalation,recovered,yes,please check the privilege escalation now,
privilege escalation,security,phrase,2,synthetic,vowel_swap,privulege escalation,missed,no,please check the privulege escalation now,
privilege escalation,security,phrase,2,synthetic,consonant_swap,privilege escaration,recovered,yes,please check the privilege escalation now,privilege escaration -> privilege escalation
privilege escalation,security,phrase,2,synthetic,double_consonant,privillege escalation,missed,no,please check the privillege escalation now,
privilege escalation,security,phrase,2,synthetic,drop_last,privileg escalation,missed,no,please check the privileg escalation now,
privilege escalation,security,phrase,2,synthetic,respell,privylege escalation,missed,no,please check the privylege escalation now,
privilege escalation,security,phrase,2,synthetic,split_word,pri vilege escalation,missed,no,please check the pri vilege escalation now,
privilege escalation,security,phrase,2,synthetic,merge_words,privilegeescalation,missed,no,please check the privilegeescalation now,
privilege escalation,security,phrase,2,synthetic,swap_words,escalation privilege,missed,no,please check the escalation privilege now,
privilege escalation,security,phrase,2,synthetic,vowel_swap,privilege escalatiin,recovered,yes,please check the privilege escalation now,privilege escalatiin -> privilege escalation
privilege escalation,security,phrase,2,synthetic,consonant_swap,brivilege escalation,missed,no,please check the brivilege escalation now,
lateral movement,security,phrase,2,canonical,canonical,lateral movement,recovered,yes,please check the lateral movement now,
lateral movement,security,phrase,2,synthetic,vowel_swap,lateral movument,recovered,yes,please check the lateral movement now,lateral movument -> lateral movement
lateral movement,security,phrase,2,synthetic,consonant_swap,latelal movement,recovered,yes,please check the lateral movement now,latelal movement -> lateral movement
lateral movement,security,phrase,2,synthetic,double_consonant,lateral movemment,recovered,yes,please check the lateral movement now,lateral movemment -> lateral movement
lateral movement,security,phrase,2,synthetic,drop_last,latera movement,recovered,yes,please check the lateral movement now,latera movement -> lateral movement
lateral movement,security,phrase,2,synthetic,split_word,late ral movement,recovered,yes,please check the lateral movement now,late ral movement -> lateral movement
lateral movement,security,phrase,2,synthetic,merge_words,lateralmovement,recovered,yes,please check the lateral movement now,lateralmovement -> lateral movement
lateral movement,security,phrase,2,synthetic,swap_words,movement lateral,garbled,no,please check the lateral movement,movement lateral now -> lateral movement
lateral movement,security,phrase,2,synthetic,vowel_swap,lateral mivement,recovered,yes,please check the lateral movement now,lateral mivement -> lateral movement
lateral movement,security,phrase,2,synthetic,consonant_swap,rateral movement,missed,no,please check the rateral movement now,
lateral movement,security,phrase,2,synthetic,double_consonant,laterral movement,recovered,yes,please check the lateral movement now,laterral movement -> lateral movement
incident response,security,phrase,2,canonical,canonical,incident response,recovered,yes,please check the incident response now,
incident response,security,phrase,2,synthetic,vowel_swap,incident responsu,recovered,yes,please check the incident response now,incident responsu -> incident response
incident response,security,phrase,2,synthetic,consonant_swap,imcident response,recovered,yes,please check the incident response now,imcident response -> incident response
incident response,security,phrase,2,synthetic,double_consonant,incident ressponse,recovered,yes,please check the incident response now,incident ressponse -> incident response
incident response,security,phrase,2,synthetic,drop_last,inciden response,recovered,yes,please check the incident response now,inciden response -> incident response
incident response,security,phrase,2,synthetic,respell,incydent response,recovered,yes,please check the incident response now,incydent response -> incident response
incident response,security,phrase,2,synthetic,split_word,incident res ponse,recovered,yes,please check the incident response now,incident res ponse -> incident response
incident response,security,phrase,2,synthetic,merge_words,incidentresponse,recovered,yes,please check the incident response now,incidentresponse -> incident response
incident response,security,phrase,2,synthetic,swap_words,response incident,missed,no,please check the response incident now,
incident response,security,phrase,2,synthetic,vowel_swap,incidant response,recovered,yes,please check the incident response now,incidant response -> incident response
incident response,security,phrase,2,synthetic,consonant_swap,incidend response,recovered,yes,please check the incident response now,incidend response -> incident response
incident response plan,security,phrase,3,canonical,canonical,incident response plan,recovered,yes,please check the incident response plan now,
incident response plan,security,phrase,3,synthetic,vowel_swap,incudent response plan,recovered,yes,please check the incident response plan now,incudent response plan -> incident response plan
incident response plan,security,phrase,3,synthetic,consonant_swap,incident response blan,missed,no,please check the incident response blan now,
incident response plan,security,phrase,3,synthetic,double_consonant,incident responnse plan,recovered,yes,please check the incident response plan now,incident responnse -> incident response
incident response plan,security,phrase,3,synthetic,drop_last,inciden response plan,recovered,yes,please check the incident response plan now,inciden response plan -> incident response plan
incident response plan,security,phrase,3,synthetic,add_suffix,incident response pland,missed,no,please check the incident response pland now,
incident response plan,security,phrase,3,synthetic,respell,incident responce plan,recovered,yes,please check the incident response plan now,incident responce plan -> incident response plan
incident response plan,security,phrase,3,synthetic,split_word,inc ident response plan,missed,no,please check the inc ident response plan now,
incident response plan,security,phrase,3,synthetic,merge_words,incidentresponse plan,recovered,yes,please check the incident response plan now,incidentresponse -> incident response
incident response plan,security,phrase,3,synthetic,swap_words,response incident plan,recovered,yes,please check the incident response plan now,response incident plan -> incident response plan
incident response plan,security,phrase,3,synthetic,vowel_swap,incedent response plan,recovered,yes,please check the incident response plan now,incedent response plan -> incident response plan
IRP,security,acronym,1,canonical,canonical,IRP,recovered,yes,please check the IRP now,
IRP,security,acronym,1,spelled,spelled,eye are pea,missed,no,please check the eye are pea now,
IRP,security,acronym,1,spelled,spelled_alt,aye ar pe,wrong,no,please check the aye ARP now,ar pe -> ARP
digital forensics,security,phrase,2,canonical,canonical,digital forensics,recovered,yes,please check the digital forensics now,
digital forensics,security,phrase,2,synthetic,vowel_swap,digital forensucs,recovered,yes,please check the digital forensics now,digital forensucs -> digital forensics
digital forensics,security,phrase,2,synthetic,consonant_swap,digital forensicz,recovered,yes,please check the digital forensics now,digital forensicz -> digital forensics
digital forensics,security,phrase,2,synthetic,double_consonant,digital forennsics,recovered,yes,please check the digital forensics now,digital forennsics -> digital forensics
digital forensics,security,phrase,2,synthetic,drop_last,digita forensics,recovered,yes,please check the digital forensics now,digita forensics -> digital forensics
digital forensics,security,phrase,2,synthetic,respell,digital forensycs,recovered,yes,please check the digital forensics now,digital forensycs -> digital forensics
digital forensics,security,phrase,2,synthetic,split_word,dig ital forensics,recovered,yes,please check the digital forensics now,dig ital forensics -> digital forensics
digital forensics,security,phrase,2,synthetic,merge_words,digitalforensics,missed,no,please check the digitalforensics now,
digital forensics,security,phrase,2,synthetic,swap_words,forensics digital,missed,no,please check the forensics digital now,
digital forensics,security,phrase,2,synthetic,vowel_swap,digital farensics,recovered,yes,please check the digital forensics now,digital farensics -> digital forensics
digital forensics,security,phrase,2,synthetic,consonant_swap,digital forenzics,recovered,yes,please check the digital forensics now,digital forenzics -> digital forensics
chain of custody,security,phrase,3,canonical,canonical,chain of custody,recovered,yes,please check the chain of custody now,
chain of custody,security,phrase,3,synthetic,vowel_swap,chaan of custody,recovered,yes,please check the chain of custody now,chaan of custody -> chain of custody
chain of custody,security,phrase,3,synthetic,consonant_swap,chaim of custody,recovered,yes,please check the chain of custody now,chaim of custody -> chain of custody
chain of custody,security,phrase,3,synthetic,double_consonant,chain of custtody,recovered,yes,please check the chain of custody now,chain of custtody -> chain of custody
chain of custody,security,phrase,3,synthetic,drop_last,chai of custody,recovered,yes,please check the chain of custody now,chai of custody -> chain of custody
chain of custody,security,phrase,3,synthetic,respell,chayn of custody,recovered,yes,please check the chain of custody now,chayn of custody -> chain of custody
chain of custody,security,phrase,3,synthetic,split_word,chain of cus tody,garbled,no,please check the chain of custody tody now,chain of cus -> chain of custody
chain of custody,security,phrase,3,synthetic,merge_words,chain ofcustody,recovered,yes,please check the chain of custody now,chain ofcustody -> chain of custody
chain of custody,security,phrase,3,synthetic,swap_words,of chain custody,recovered,yes,please check the chain of custody now,of chain custody -> chain of custody
chain of custody,security,phrase,3,synthetic,drop_filler,chain custody,recovered,yes,please check the chain of custody now,chain custody -> chain of custody
chain of custody,security,phrase,3,synthetic,vowel_swap,chain of cistody,missed,no,please check the chain of cistody now,
root cause analysis,general,phrase,3,canonical,canonical,root cause analysis,recovered,yes,please check the root cause analysis now,
root cause analysis,general,phrase,3,synthetic,vowel_swap,raot cause analysis,recovered,yes,please check the root cause analysis now,raot cause analysis -> root cause analysis
root cause analysis,general,phrase,3,synthetic,consonant_swap,rood cause analysis,recovered,yes,please check the root cause analysis now,rood cause analysis -> root cause analysis
root cause analysis,general,phrase,3,synthetic,double_consonant,rot cause analysis,recovered,yes,please check the root cause analysis now,rot cause analysis -> root cause analysis
root cause analysis,general,phrase,3,synthetic,drop_last,root caus analysis,recovered,yes,please check the root cause analysis now,root caus analysis -> root cause analysis
root cause analysis,general,phrase,3,synthetic,add_suffix,rootd cause analysis,recovered,yes,please check the root cause analysis now,rootd cause analysis -> root cause analysis
root cause analysis,general,phrase,3,synthetic,respell,root cauce analysis,recovered,yes,please check the root cause analysis now,root cauce analysis -> root cause analysis
root cause analysis,general,phrase,3,synthetic,split_word,root cause analy sis,garbled,no,please check the root cause analysis sis now,root cause analy -> root cause analysis
root cause analysis,general,phrase,3,synthetic,merge_words,root causeanalysis,missed,no,please check the root causeanalysis now,
root cause analysis,general,phrase,3,synthetic,swap_words,root analysis cause,recovered,yes,please check the root cause analysis now,root analysis cause -> root cause analysis
root cause analysis,general,phrase,3,synthetic,vowel_swap,root causi analysis,recovered,yes,please check the root cause analysis now,root causi analysis -> root cause analysis
escalation,general,single_word,1,canonical,canonical,escalation,recovered,yes,please check the escalation now,
escalation,general,single_word,1,synthetic,vowel_swap,escaletion,recovered,yes,please check the escalation now,escaletion -> escalation
escalation,general,single_word,1,synthetic,consonant_swap,escaration,recovered,yes,please check the escalation now,escaration -> escalation
escalation,general,single_word,1,synthetic,double_consonant,esscalation,recovered,yes,please check the escalation now,esscalation -> escalation
escalation,general,single_word,1,synthetic,drop_last,escalatio,recovered,yes,please check the escalation now,escalatio -> escalation
escalation,general,single_word,1,synthetic,respell,escalashun,recovered,yes,please check the escalation now,escalashun -> escalation
escalation,general,single_word,1,synthetic,split_word,escala tion,recovered,yes,please check the escalation now,escala tion -> escalation
escalation,general,single_word,1,synthetic,vowel_swap,escelation,recovered,yes,please check the escalation now,escelation -> escalation
escalation,general,single_word,1,synthetic,consonant_swap,escaladion,recovered,yes,please check the escalation now,escaladion -> escalation
escalation,general,single_word,1,synthetic,double_consonant,esccalation,recovered,yes,please check the escalation now,esccalation -> escalation
escalation,general,single_word,1,synthetic,respell,escalatyon,recovered,yes,please check the escalation now,escalatyon -> escalation
functional escalation,general,phrase,2,canonical,canonical,functional escalation,recovered,yes,please check the functional escalation now,
functional escalation,general,phrase,2,synthetic,vowel_swap,fenctional escalation,missed,no,please check the fenctional escalation now,
functional escalation,general,phrase,2,synthetic,consonant_swap,functional eskalation,recovered,yes,please check the functional escalation now,functional eskalation -> functional escalation
functional escalation,general,phrase,2,synthetic,double_consonant,functtional escalation,missed,no,please check the functtional escalation now,
functional escalation,general,phrase,2,synthetic,drop_last,functiona escalation,missed,no,please check the functiona escalation now,
functional escalation,general,phrase,2,synthetic,respell,functional escalashun,recovered,yes,please check the functional escalation now,functional escalashun -> functional escalation
functional escalation,general,phrase,2,synthetic,split_word,functi onal escalation,missed,no,please check the functi onal escalation now,
functional escalation,general,phrase,2,synthetic,merge_words,functionalescalation,missed,no,please check the functionalescalation now,
functional escalation,general,phrase,2,synthetic,swap_words,escalation functional,missed,no,please check the escalation functional now,
functional escalation,general,phrase,2,synthetic,vowel_swap,functianal escalation,missed,no,please check the functianal escalation now,
functional escalation,general,phrase,2,synthetic,consonant_swap,functionar escalation,missed,no,please check the functionar escalation now,
hierarchical escalation,general,phrase,2,canonical,canonical,hierarchical escalation,recovered,yes,please check the hierarchical escalation now,
hierarchical escalation,general,phrase,2,synthetic,vowel_swap,hierarchecal escalation,missed,no,please check the hierarchecal escalation now,
hierarchical escalation,general,phrase,2,synthetic,consonant_swap,hierarchical escaration,recovered,yes,please check the hierarchical escalation now,hierarchical escaration -> hierarchical escalation
hierarchical escalation,general,phrase,2,synthetic,double_consonant,hierarchiccal escalation,missed,no,please check the hierarchiccal escalation now,
hierarchical escalation,general,phrase,2,synthetic,drop_last,hierarchical escalatio,recovered,yes,please check the hierarchical escalation now,hierarchical escalatio -> hierarchical escalation
hierarchical escalation,general,phrase,2,synthetic,respell,hierarchical escalashun,recovered,yes,please check the hierarchical escalation now,hierarchical escalashun -> hierarchical escalation
hierarchical escalation,general,phrase,2,synthetic,split_word,hierarchical escal ation,recovered,yes,please check the hierarchical escalation now,escal ation -> escalation
hierarchical escalation,general,phrase,2,synthetic,merge_words,hierarchicalescalation,missed,no,please check the hierarchicalescalation now,
hierarchical escalation,general,phrase,2,synthetic,swap_words,escalation hierarchical,missed,no,please check the escalation hierarchical now,
hierarchical escalation,general,phrase,2,synthetic,vowel_swap,huerarchical escalation,missed,no,please check the huerarchical escalation now,
hierarchical escalation,general,phrase,2,synthetic,consonant_swap,hierarchikal escalation,missed,no,please check the hierarchikal escalation now,
resolver group,general,phrase,2,canonical,canonical,resolver group,recovered,yes,please check the resolver group now,
resolver group,general,phrase,2,synthetic,vowel_swap,rusolver group,recovered,yes,please check the resolver group now,rusolver group -> resolver group
resolver group,general,phrase,2,synthetic,consonant_swap,resorver group,recovered,yes,please check the resolver group now,resorver group -> resolver group
resolver group,general,phrase,2,synthetic,double_consonant,resollver group,recovered,yes,please check the resolver group now,resollver group -> resolver group
resolver group,general,phrase,2,synthetic,drop_last,resolve group,recovered,yes,please check the resolver group now,resolve group -> resolver group
resolver group,general,phrase,2,synthetic,respell,resolver growp,recovered,yes,please check the resolver group now,resolver growp -> resolver group
resolver group,general,phrase,2,synthetic,split_word,resol ver group,missed,no,please check the resol ver group now,
resolver group,general,phrase,2,synthetic,merge_words,resolvergroup,missed,no,please check the resolvergroup now,
resolver group,general,phrase,2,synthetic,swap_words,group resolver,recovered,yes,please check the resolver group now,group resolver -> resolver group
resolver group,general,phrase,2,synthetic,vowel_swap,resolver groop,recovered,yes,please check the resolver group now,resolver groop -> resolver group
resolver group,general,phrase,2,synthetic,consonant_swap,resolvel group,recovered,yes,please check the resolver group now,resolvel group -> resolver group
service desk,general,phrase,2,canonical,canonical,service desk,recovered,yes,please check the service desk now,
service desk,general,phrase,2,synthetic,vowel_swap,servece desk,recovered,yes,please check the service desk now,servece desk -> service desk
service desk,general,phrase,2,synthetic,consonant_swap,serfice desk,recovered,yes,please check the service desk now,serfice desk -> service desk
service desk,general,phrase,2,synthetic,double_consonant,servicce desk,recovered,yes,please check the service desk now,servicce desk -> service desk
service desk,general,phrase,2,synthetic,drop_last,servic desk,recovered,yes,please check the service desk now,servic desk -> service desk
service desk,general,phrase,2,synthetic,add_suffix,service deskt,recovered,yes,please check the service desk now,service deskt -> service desk
service desk,general,phrase,2,synthetic,respell,cervice desk,missed,no,please check the cervice desk now,
service desk,general,phrase,2,synthetic,split_word,ser vice desk,recovered,yes,please check the service desk now,ser vice desk -> service desk
service desk,general,phrase,2,synthetic,merge_words,servicedesk,recovered,yes,please check the service desk now,servicedesk -> service desk
service desk,general,phrase,2,synthetic,swap_words,desk service,recovered,yes,please check the service desk now,desk service -> service desk
service desk,general,phrase,2,synthetic,vowel_swap,servici desk,recovered,yes,please check the service desk now,servici desk -> service desk
help desk,general,phrase,2,canonical,canonical,help desk,recovered,yes,please check the help desk now,
help desk,general,phrase,2,synthetic,vowel_swap,help dask,recovered,yes,please check the help desk now,help dask -> help desk
help desk,general,phrase,2,synthetic,consonant_swap,help dezk,recovered,yes,please check the help desk now,help dezk -> help desk
help desk,general,phrase,2,synthetic,double_consonant,help dessk,recovered,yes,please check the help desk now,help dessk -> help desk
help desk,general,phrase,2,synthetic,add_suffix,helpt desk,recovered,yes,please check the help desk now,helpt desk -> help desk
help desk,general,phrase,2,synthetic,merge_words,helpdesk,missed,no,please check the helpdesk now,
help desk,general,phrase,2,synthetic,swap_words,desk help,missed,no,please check the desk help now,
help desk,general,phrase,2,synthetic,vowel_swap,help disk,recovered,yes,please check the help desk now,help disk -> help desk
help desk,general,phrase,2,synthetic,consonant_swap,help desg,recovered,yes,please check the help desk now,help desg -> help desk
help desk,general,phrase,2,synthetic,double_consonant,hellp desk,recovered,yes,please check the help desk now,hellp desk -> help desk
help desk,general,phrase,2,synthetic,add_suffix,helpd desk,recovered,yes,please check the help desk now,helpd desk -> help desk
service request,general,phrase,2,canonical,canonical,service request,recovered,yes,please check the service request now,
service request,general,phrase,2,synthetic,vowel_swap,servico request,recovered,yes,please check the service request now,servico request -> service request
service request,general,phrase,2,synthetic,consonant_swap,service requezt,recovered,yes,please check the service request now,service requezt -> service request
service request,general,phrase,2,synthetic,double_consonant,servvice request,recovered,yes,please check the service request now,servvice request -> service request
service request,general,phrase,2,synthetic,drop_last,servic request,recovered,yes,please check the service request now,servic request -> service request
service request,general,phrase,2,synthetic,respell,servyce request,recovered,yes,please check the service request now,servyce request -> service request
service request,general,phrase,2,synthetic,split_word,service requ est,garbled,no,please check the service request est now,service requ -> service request
service request,general,phrase,2,synthetic,merge_words,servicerequest,missed,no,please check the servicerequest now,
service request,general,phrase,2,synthetic,swap_words,request service,missed,no,please check the request service now,
service request,general,phrase,2,synthetic,vowel_swap,service raquest,recovered,yes,please check the service request now,service raquest -> service request
service request,general,phrase,2,synthetic,consonant_swap,zervice request,recovered,yes,please check the service request now,zervice request -> service request
incident management,general,phrase,2,canonical,canonical,incident management,recovered,yes,please check the incident management now,
incident management,general,phrase,2,synthetic,vowel_swap,incidont management,recovered,yes,please check the incident management now,incidont management -> incident management
incident management,general,phrase,2,synthetic,consonant_swap,incidemt management,recovered,yes,please check the incident management now,incidemt management -> incident management
incident management,general,phrase,2,synthetic,double_consonant,inncident management,recovered,yes,please check the incident management now,inncident management -> incident management
incident management,general,phrase,2,synthetic,drop_last,incident managemen,recovered,yes,please check the incident management now,incident managemen -> incident management
incident management,general,phrase,2,synthetic,respell,incydent management,recovered,yes,please check the incident management now,incydent management -> incident management
incident management,general,phrase,2,synthetic,split_word,incident manag ement,garbled,no,please check the incident management ement now,incident manag -> incident management
incident management,general,phrase,2,synthetic,merge_words,incidentmanagement,recovered,yes,please check the incident management now,incidentmanagement -> incident management
incident management,general,phrase,2,synthetic,swap_words,management incident,recovered,yes,please check the incident management now,management incident -> incident management
incident management,general,phrase,2,synthetic,vowel_swap,incident monagement,recovered,yes,please check the incident management now,incident monagement -> incident management
incident management,general,phrase,2,synthetic,consonant_swap,incident mamagement,recovered,yes,please check the incident management now,incident mamagement -> incident management
problem management,general,phrase,2,canonical,canonical,problem management,recovered,yes,please check the problem management now,
problem management,general,phrase,2,synthetic,vowel_swap,problem managument,recovered,yes,please check the problem management now,problem managument -> problem management
problem management,general,phrase,2,synthetic,consonant_swap,problem mamagement,recovered,yes,please check the problem management now,problem mamagement -> problem management
problem management,general,phrase,2,synthetic,double_consonant,problem mannagement,recovered,yes,please check the problem management now,problem mannagement -> problem management
problem management,general,phrase,2,synthetic,drop_last,problem managemen,recovered,yes,please check the problem management now,problem managemen -> problem management
problem management,general,phrase,2,synthetic,split_word,problem mana gement,recovered,yes,please check the problem management now,problem mana gement -> problem management
problem management,general,phrase,2,synthetic,merge_words,problemmanagement,missed,no,please check the problemmanagement now,
problem management,general,phrase,2,synthetic,swap_words,management problem,recovered,yes,please check the problem management now,management problem -> problem management
problem management,general,phrase,2,synthetic,vowel_swap,problem managoment,recovered,yes,please check the problem management now,problem managoment -> problem management
problem management,general,phrase,2,synthetic,consonant_swap,probrem management,recovered,yes,please check the problem management now,probrem management -> problem management
problem management,general,phrase,2,synthetic,double_consonant,problem managemennt,recovered,yes,please check the problem management now,problem managemennt -> problem management
change enablement,general,phrase,2,canonical,canonical,change enablement,recovered,yes,please check the change enablement now,
change enablement,general,phrase,2,synthetic,vowel_swap,change eniblement,recovered,yes,please check the change enablement now,change eniblement -> change enablement
change enablement,general,phrase,2,synthetic,consonant_swap,chanke enablement,recovered,yes,please check the change enablement now,chanke enablement -> change enablement
change enablement,general,phrase,2,synthetic,double_consonant,chhange enablement,recovered,yes,please check the change enablement now,chhange enablement -> change enablement
change enablement,general,phrase,2,synthetic,drop_last,change enablemen,recovered,yes,please check the change enablement now,change enablemen -> change enablement
change enablement,general,phrase,2,synthetic,split_word,change enable ment,recovered,yes,please check the change enablement now,change enable ment -> change enablement
change enablement,general,phrase,2,synthetic,merge_words,changeenablement,missed,no,please check the changeenablement now,
change enablement,general,phrase,2,synthetic,swap_words,enablement change,recovered,yes,please check the change enablement now,enablement change -> change enablement
change enablement,general,phrase,2,synthetic,vowel_swap,chunge enablement,recovered,yes,please check the change enablement now,chunge enablement -> change enablement
change enablement,general,phrase,2,synthetic,consonant_swap,khange enablement,missed,no,please check the khange enablement now,
change enablement,general,phrase,2,synthetic,double_consonant,changge enablement,recovered,yes,please check the change enablement now,changge enablement -> change enablement
configuration item,general,phrase,2,canonical,canonical,configuration item,recovered,yes,please check the configuration item now,
configuration item,general,phrase,2,synthetic,vowel_swap,configaration item,recovered,yes,please check the configuration item now,configaration item -> configuration item
configuration item,general,phrase,2,synthetic,consonant_swap,conviguration item,recovered,yes,please check the configuration item now,conviguration item -> configuration item
configuration item,general,phrase,2,synthetic,double_consonant,conffiguration item,recovered,yes,please check the configuration item now,conffiguration item -> configuration item
configuration item,general,phrase,2,synthetic,drop_last,configuratio item,recovered,yes,please check the configuration item now,configuratio item -> configuration item
configuration item,general,phrase,2,synthetic,add_suffix,configuration itemt,recovered,yes,please check the configuration item now,configuration itemt -> configuration item
configuration item,general,phrase,2,synthetic,respell,confyguration item,recovered,yes,please check the configuration item now,confyguration item -> configuration item
configuration item,general,phrase,2,synthetic,split_word,configu ration item,recovered,yes,please check the configuration item now,configu ration item -> configuration item
configuration item,general,phrase,2,synthetic,merge_words,configurationitem,recovered,yes,please check the configuration item now,configurationitem -> configuration item
configuration item,general,phrase,2,synthetic,swap_words,item configuration,recovered,yes,please check the configuration item now,item configuration -> configuration item
configuration item,general,phrase,2,synthetic,vowel_swap,configeration item,recovered,yes,please check the configuration item now,configeration item -> configuration item
configuration management database,general,phrase,3,canonical,canonical,configuration management database,recovered,yes,please check the configuration management database now,
configuration management database,general,phrase,3,synthetic,vowel_swap,cunfiguration management database,garbled,no,please check the configuration management database database now,cunfiguration management -> configuration management database
configuration management database,general,phrase,3,synthetic,consonant_swap,configuration managememt database,garbled,no,please check the configuration management database database now,configuration managememt -> configuration management database
configuration management database,general,phrase,3,synthetic,double_consonant,configuration managgement database,garbled,no,please check the configuration management database database now,configuration managgement -> configuration management database
configuration management database,general,phrase,3,synthetic,drop_last,configuration management databas,garbled,no,please check the configuration management database database now,configuration management -> configuration management database; databas -> database
configuration management database,general,phrase,3,synthetic,respell,configuration management databace,garbled,no,please check the configuration management database database now,configuration management -> configuration management database; databace -> database
configuration management database,general,phrase,3,synthetic,split_word,configuration mana gement database,wrong,no,please check the configuration item mana gement database now,configuration -> configuration item
configuration management database,general,phrase,3,synthetic,merge_words,configurationmanagement database,garbled,no,please check the configuration management database database now,configurationmanagement -> configuration management database
configuration management database,general,phrase,3,synthetic,swap_words,management configuration database,wrong,no,please check the management configuration item database now,configuration -> configuration item
configuration management database,general,phrase,3,synthetic,vowel_swap,configuratian management database,garbled,no,please check the configuration management database database now,configuratian management -> configuration management database
configuration management database,general,phrase,3,synthetic,consonant_swap,configuration nanagement database,wrong,no,please check the configuration item nanagement database now,configuration -> configuration item
CMDB,general,acronym,1,canonical,canonical,CMDB,recovered,yes,please check the CMDB now,
CMDB,general,acronym,1,spelled,spelled,see em dee bee,recovered,yes,please check the CMDB now,see em dee bee -> CMDB
CMDB,general,acronym,1,spelled,spelled_alt,cee emm di be,recovered,yes,please check the CMDB now,cee emm di be -> CMDB
CMDB,general,acronym,1,synthetic,consonant_swap,cndb,missed,no,please check the cndb now,
CMDB,general,acronym,1,synthetic,double_consonant,cmmdb,recovered,yes,please check the CMDB now,cmmdb -> CMDB
CMDB,general,acronym,1,synthetic,add_suffix,cmdbd,recovered,yes,please check the CMDB now,cmdbd -> CMDB
CMDB,general,acronym,1,synthetic,consonant_swap,cmtb,recovered,yes,please check the CMDB now,cmtb -> CMDB
CMDB,general,acronym,1,synthetic,double_consonant,cmddb,recovered,yes,please check the CMDB now,cmddb -> CMDB
CMDB,general,acronym,1,synthetic,add_suffix,cmdbt,recovered,yes,please check the CMDB now,cmdbt -> CMDB
CMDB,general,acronym,1,synthetic,consonant_swap,cmdp,missed,no,please check the cmdp now,
CMDB,general,acronym,1,synthetic,consonant_swap,kmdb,missed,no,please check the kmdb now,
service level agreement,general,phrase,3,canonical,canonical,service level agreement,recovered,yes,please check the service level agreement now,
service level agreement,general,phrase,3,synthetic,vowel_swap,servico level agreement,recovered,yes,please check the service level agreement now,servico level agreement -> service level agreement
service level agreement,general,phrase,3,synthetic,consonant_swap,service revel agreement,recovered,yes,please check the service level agreement now,service revel agreement -> service level agreement
service level agreement,general,phrase,3,synthetic,double_consonant,serrvice level agreement,recovered,yes,please check the service level agreement now,serrvice level agreement -> service level agreement
service level agreement,general,phrase,3,synthetic,drop_last,service level agreemen,recovered,yes,please check the service level agreement now,service level agreemen -> service level agreement
service level agreement,general,phrase,3,synthetic,respell,service level agreament,recovered,yes,please check the service level agreement now,service level agreament -> service level agreement
service level agreement,general,phrase,3,synthetic,split_word,service level agree ment,garbled,no,please check the service level agreement ment now,service level agree -> service level agreement
service level agreement,general,phrase,3,synthetic,merge_words,service levelagreement,wrong,no,please check the service level management now,service levelagreement -> service level management
service level agreement,general,phrase,3,synthetic,swap_words,service agreement level,recovered,yes,please check the service level agreement now,service agreement level -> service level agreement
service level agreement,general,phrase,3,synthetic,vowel_swap,service livel agreement,recovered,yes,please check the service level agreement now,service livel agreement -> service level agreement
service level agreement,general,phrase,3,synthetic,consonant_swap,service lefel agreement,recovered,yes,please check the service level agreement now,service lefel agreement -> service level agreement
service level management,general,phrase,3,canonical,canonical,service level management,recovered,yes,please check the service level management now,
service level management,general,phrase,3,synthetic,vowel_swap,service lavel management,recovered,yes,please check the service level management now,service lavel management -> service level management
service level management,general,phrase,3,synthetic,consonant_swap,service revel management,missed,no,please check the service revel management now,
service level management,general,phrase,3,synthetic,double_consonant,servvice level management,recovered,yes,please check the service level management now,servvice level management -> service level management
service level management,general,phrase,3,synthetic,drop_last,service leve management,recovered,yes,please check the service level management now,service leve management -> service level management
service level management,general,phrase,3,synthetic,respell,servyce level management,recovered,yes,please check the service level management now,servyce level management -> service level management
service level management,general,phrase,3,synthetic,split_word,serv ice level management,wrong,no,please check the server ice level management now,serv -> server
service level management,general,phrase,3,synthetic,merge_words,service levelmanagement,recovered,yes,please check the service level management now,service levelmanagement -> service level management
service level management,general,phrase,3,synthetic,swap_words,level service management,recovered,yes,please check the service level management now,level service management -> service level management
service level management,general,phrase,3,synthetic,vowel_swap,servoce level management,recovered,yes,please check the service level management now,servoce level management -> service level management
service level management,general,phrase,3,synthetic,consonant_swap,service level nanagement,recovered,yes,please check the service level management now,service level nanagement -> service level management
operational level agreement,general,phrase,3,canonical,canonical,operational level agreement,recovered,yes,please check the operational level agreement now,
operational level agreement,general,phrase,3,synthetic,vowel_swap,operational level agreemint,recovered,yes,please check the operational level agreement now,operational level agreemint -> operational level agreement
operational level agreement,general,phrase,3,synthetic,consonant_swap,operationar level agreement,recovered,yes,please check the operational level agreement now,operationar level agreement -> operational level agreement
operational level agreement,general,phrase,3,synthetic,double_consonant,operational level agreemennt,recovered,yes,please check the operational level agreement now,operational level agreemennt -> operational level agreement
operational level agreement,general,phrase,3,synthetic,drop_last,operationa level agreement,recovered,yes,please check the operational level agreement now,operationa level agreement -> operational level agreement
operational level agreement,general,phrase,3,synthetic,respell,operashunal level agreement,recovered,yes,please check the operational level agreement now,operashunal level agreement -> operational level agreement
operational level agreement,general,phrase,3,synthetic,split_word,operational level agre ement,recovered,yes,please check the operational level agreement now,operational level agre ement -> operational level agreement
operational level agreement,general,phrase,3,synthetic,merge_words,operational levelagreement,recovered,yes,please check the operational level agreement now,operational levelagreement -> operational level agreement
operational level agreement,general,phrase,3,synthetic,swap_words,operational agreement level,recovered,yes,please check the operational level agreement now,operational agreement level -> operational level agreement
operational level agreement,general,phrase,3,synthetic,vowel_swap,operationel level agreement,recovered,yes,please check the operational level agreement now,operationel level agreement -> operational level agreement
operational level agreement,general,phrase,3,synthetic,consonant_swap,operational level akreement,recovered,yes,please check the operational level agreement now,operational level akreement -> operational level agreement
OLA,general,acronym,1,canonical,canonical,OLA,recovered,yes,please check the OLA now,
OLA,general,acronym,1,spelled,spelled,oh el ay,recovered,yes,please check the OLA now,oh el ay -> OLA
OLA,general,acronym,1,spelled,spelled_alt,o ell a,recovered,yes,please check the OLA now,o ell a -> OLA
knowledge base,general,phrase,2,canonical,canonical,knowledge base,recovered,yes,please check the knowledge base now,
knowledge base,general,phrase,2,synthetic,vowel_swap,knowledge basu,recovered,yes,please check the knowledge base now,knowledge basu -> knowledge base
knowledge base,general,phrase,2,synthetic,consonant_swap,knowletge base,recovered,yes,please check the knowledge base now,knowletge base -> knowledge base
knowledge base,general,phrase,2,synthetic,double_consonant,knowlledge base,recovered,yes,please check the knowledge base now,knowlledge base -> knowledge base
knowledge base,general,phrase,2,synthetic,drop_last,knowledg base,recovered,yes,please check the knowledge base now,knowledg base -> knowledge base
knowledge base,general,phrase,2,synthetic,respell,nowledge base,recovered,yes,please check the knowledge base now,nowledge base -> knowledge base
knowledge base,general,phrase,2,synthetic,split_word,knowl edge base,missed,no,please check the knowl edge base now,
knowledge base,general,phrase,2,synthetic,merge_words,knowledgebase,missed,no,please check the knowledgebase now,
knowledge base,general,phrase,2,synthetic,swap_words,base knowledge,recovered,yes,please check the knowledge base now,base knowledge -> knowledge base
knowledge base,general,phrase,2,synthetic,vowel_swap,knowledge buse,recovered,yes,please check the knowledge base now,knowledge buse -> knowledge base
knowledge base,general,phrase,2,synthetic,consonant_swap,knowredge base,recovered,yes,please check the knowledge base now,knowredge base -> knowledge base
knowledge-centered service,general,phrase,3,canonical,canonical,knowledge-centered service,recovered,yes,please check the knowledge-centered service now,
knowledge-centered service,general,phrase,3,synthetic,vowel_swap,knowlidge centered service,missed,no,please check the knowlidge centered service now,
knowledge-centered service,general,phrase,3,synthetic,consonant_swap,knowledge centered selvice,missed,no,please check the knowledge centered selvice now,
knowledge-centered service,general,phrase,3,synthetic,double_consonant,knowwledge centered service,missed,no,please check the knowwledge centered service now,
knowledge-centered service,general,phrase,3,synthetic,drop_last,knowledge centere service,missed,no,please check the knowledge centere service now,
knowledge-centered service,general,phrase,3,synthetic,respell,knowledge centered cervice,missed,no,please check the knowledge centered cervice now,
knowledge-centered service,general,phrase,3,synthetic,split_word,knowledge cente red service,recovered,yes,please check the knowledge-centered service now,knowledge cente red service -> knowledge-centered service
knowledge-centered service,general,phrase,3,synthetic,merge_words,knowledgecentered service,recovered,yes,please check the knowledge-centered service now,knowledgecentered service -> knowledge-centered service
knowledge-centered service,general,phrase,3,synthetic,swap_words,knowledge service centered,missed,no,please check the knowledge service centered now,
knowledge-centered service,general,phrase,3,synthetic,vowel_swap,knowledge centerud service,missed,no,please check the knowledge centerud service now,
knowledge-centered service,general,phrase,3,synthetic,consonant_swap,knowledge centered servike,missed,no,please check the knowledge centered servike now,
KCS,general,acronym,1,canonical,canonical,KCS,recovered,yes,please check the KCS now,
KCS,general,acronym,1,spelled,spelled,kay see ess,recovered,yes,please check the KCS now,kay see ess -> KCS
KCS,general,acronym,1,spelled,spelled_alt,kae cee es,recovered,yes,please check the KCS now,kae cee es -> KCS
self-service portal,general,phrase,3,canonical,canonical,self-service portal,recovered,yes,please check the self-service portal now,
self-service portal,general,phrase,3,synthetic,vowel_swap,self service partal,recovered,yes,please check the self-service portal now,self service partal -> self-service portal
self-service portal,general,phrase,3,synthetic,consonant_swap,zelf service portal,garbled,no,please check the zelf self-service portal now,service portal -> self-service portal
self-service portal,general,phrase,3,synthetic,double_consonant,self servicce portal,recovered,yes,please check the self-service portal now,self servicce portal -> self-service portal
self-service portal,general,phrase,3,synthetic,drop_last,self servic portal,recovered,yes,please check the self-service portal now,self servic portal -> self-service portal
self-service portal,general,phrase,3,synthetic,add_suffix,selft service portal,recovered,yes,please check the self-service portal now,selft service portal -> self-service portal
self-service portal,general,phrase,3,synthetic,respell,self servise portal,recovered,yes,please check the self-service portal now,self servise portal -> self-service portal
self-service portal,general,phrase,3,synthetic,split_word,self ser vice portal,missed,no,please check the self ser vice portal now,
self-service portal,general,phrase,3,synthetic,merge_words,self serviceportal,missed,no,please check the self serviceportal now,
self-service portal,general,phrase,3,synthetic,swap_words,self portal service,recovered,yes,please check the self-service portal now,self portal service -> self-service portal
self-service portal,general,phrase,3,synthetic,vowel_swap,self survice portal,recovered,yes,please check the self-service portal now,self survice portal -> self-service portal
major incident,general,phrase,2,canonical,canonical,major incident,recovered,yes,please check the major incident now,
major incident,general,phrase,2,synthetic,vowel_swap,major incedent,recovered,yes,please check the major incident now,major incedent -> major incident
major incident,general,phrase,2,synthetic,consonant_swap,major incidend,recovered,yes,please check the major incident now,major incidend -> major incident
major incident,general,phrase,2,synthetic,double_consonant,major incidennt,recovered,yes,please check the major incident now,major incidennt -> major incident
major incident,general,phrase,2,synthetic,drop_last,majo incident,recovered,yes,please check the major incident now,majo incident -> major incident
major incident,general,phrase,2,synthetic,respell,major yncident,missed,no,please check the major yncident now,
major incident,general,phrase,2,synthetic,split_word,major incid ent,garbled,no,please check the major incident ent now,major incid -> major incident
major incident,general,phrase,2,synthetic,merge_words,majorincident,missed,no,please check the majorincident now,
major incident,general,phrase,2,synthetic,swap_words,incident major,missed,no,please check the incident major now,
major incident,general,phrase,2,synthetic,vowel_swap,major oncident,missed,no,please check the major oncident now,
major incident,general,phrase,2,synthetic,consonant_swap,majol incident,recovered,yes,please check the major incident now,majol incident -> major incident
major incident management,general,phrase,3,canonical,canonical,major incident management,recovered,yes,please check the major incident management now,
major incident management,general,phrase,3,synthetic,vowel_swap,major incident managament,missed,no,please check the major incident managament now,
major incident management,general,phrase,3,synthetic,consonant_swap,major incitent management,recovered,yes,please check the major incident management now,incitent management -> incident management
major incident management,general,phrase,3,synthetic,double_consonant,major incident managemment,missed,no,please check the major incident managemment now,
major incident management,general,phrase,3,synthetic,drop_last,major inciden management,recovered,yes,please check the major incident management now,inciden management -> incident management
major incident management,general,phrase,3,synthetic,respell,major yncident management,missed,no,please check the major yncident management now,
major incident management,general,phrase,3,synthetic,split_word,major inc ident management,recovered,yes,please check the major incident management now,major inc ident management -> major incident management
major incident management,general,phrase,3,synthetic,merge_words,major incidentmanagement,recovered,yes,please check the major incident management now,incidentmanagement -> incident management
major incident management,general,phrase,3,synthetic,swap_words,incident major management,recovered,yes,please check the major incident management now,incident major management -> major incident management
major incident management,general,phrase,3,synthetic,vowel_swap,major incident manegement,missed,no,please check the major incident manegement now,
major incident management,general,phrase,3,synthetic,consonant_swap,major incident manakement,missed,no,please check the major incident manakement now,
priority matrix,general,phrase,2,canonical,canonical,priority matrix,recovered,yes,please check the priority matrix now,
priority matrix,general,phrase,2,synthetic,vowel_swap,praority matrix,recovered,yes,please check the priority matrix now,praority matrix -> priority matrix
priority matrix,general,phrase,2,synthetic,consonant_swap,priolity matrix,recovered,yes,please check the priority matrix now,priolity matrix -> priority matrix
priority matrix,general,phrase,2,synthetic,double_consonant,prioritty matrix,recovered,yes,please check the priority matrix now,prioritty matrix -> priority matrix
priority matrix,general,phrase,2,synthetic,drop_last,priority matri,recovered,yes,please check the priority matrix now,priority matri -> priority matrix
priority matrix,general,phrase,2,synthetic,respell,prioryty matrix,recovered,yes,please check the priority matrix now,prioryty matrix -> priority matrix
priority matrix,general,phrase,2,synthetic,split_word,pri ority matrix,recovered,yes,please check the priority matrix now,pri ority matrix -> priority matrix
priority matrix,general,phrase,2,synthetic,merge_words,prioritymatrix,missed,no,please check the prioritymatrix now,
priority matrix,general,phrase,2,synthetic,swap_words,matrix priority,missed,no,please check the matrix priority now,
priority matrix,general,phrase,2,synthetic,vowel_swap,priority matrox,recovered,yes,please check the priority matrix now,priority matrox -> priority matrix
priority matrix,general,phrase,2,synthetic,consonant_swap,briority matrix,missed,no,please check the briority matrix now,
first contact resolution,general,phrase,3,canonical,canonical,first contact resolution,recovered,yes,please check the first contact resolution now,
first contact resolution,general,phrase,3,synthetic,vowel_swap,first contuct resolution,recovered,yes,please check the first contact resolution now,first contuct resolution -> first contact resolution
first contact resolution,general,phrase,3,synthetic,consonant_swap,firzt contact resolution,recovered,yes,please check the first contact resolution now,firzt contact resolution -> first contact resolution
first contact resolution,general,phrase,3,synthetic,double_consonant,first contact ressolution,recovered,yes,please check the first contact resolution now,first contact ressolution -> first contact resolution
first contact resolution,general,phrase,3,synthetic,drop_last,first contact resolutio,recovered,yes,please check the first contact resolution now,first contact resolutio -> first contact resolution
first contact resolution,general,phrase,3,synthetic,respell,first contact resolushun,recovered,yes,please check the first contact resolution now,first contact resolushun -> first contact resolution
first contact resolution,general,phrase,3,synthetic,split_word,first contact reso lution,recovered,yes,please check the first contact resolution now,first contact reso lution -> first contact resolution
first contact resolution,general,phrase,3,synthetic,merge_words,first contactresolution,recovered,yes,please check the first contact resolution now,first contactresolution -> first contact resolution
first contact resolution,general,phrase,3,synthetic,swap_words,contact first resolution,recovered,yes,please check the first contact resolution now,contact first resolution -> first contact resolution
first contact resolution,general,phrase,3,synthetic,vowel_swap,first contact resoletion,recovered,yes,please check the first contact resolution now,first contact resoletion -> first contact resolution
first contact resolution,general,phrase,3,synthetic,consonant_swap,first contact resolutiom,recovered,yes,please check the first contact resolution now,first contact resolutiom -> first contact resolution
FCR,general,acronym,1,canonical,canonical,FCR,recovered,yes,please check the FCR now,
FCR,general,acronym,1,spelled,spelled,ef see are,recovered,yes,please check the FCR now,ef see are -> FCR
FCR,general,acronym,1,spelled,spelled_alt,eff cee ar,recovered,yes,please check the FCR now,eff cee ar -> FCR
average handle time,general,phrase,3,canonical,canonical,average handle time,recovered,yes,please check the average handle time now,
average handle time,general,phrase,3,synthetic,vowel_swap,average handli time,recovered,yes,please check the average handle time now,average handli time -> average handle time
average handle time,general,phrase,3,synthetic,consonant_swap,average hamdle time,recovered,yes,please check the average handle time now,average hamdle time -> average handle time
average handle time,general,phrase,3,synthetic,double_consonant,average hanndle time,recovered,yes,please check the average handle time now,average hanndle time -> average handle time
average handle time,general,phrase,3,synthetic,drop_last,average handl time,recovered,yes,please check the average handle time now,average handl time -> average handle time
average handle time,general,phrase,3,synthetic,respell,average handle tyme,recovered,yes,please check the average handle time now,average handle tyme -> average handle time
average handle time,general,phrase,3,synthetic,split_word,ave rage handle time,missed,no,please check the ave rage handle time now,
average handle time,general,phrase,3,synthetic,merge_words,average handletime,recovered,yes,please check the average handle time now,average handletime -> average handle time
average handle time,general,phrase,3,synthetic,swap_words,handle average time,recovered,yes,please check the average handle time now,handle average time -> average handle time
average handle time,general,phrase,3,synthetic,vowel_swap,avarage handle time,recovered,yes,please check the average handle time now,avarage handle time -> average handle time
average handle time,general,phrase,3,synthetic,consonant_swap,average handre time,recovered,yes,please check the average handle time now,average handre time -> average handle time
AHT,general,acronym,1,canonical,canonical,AHT,recovered,yes,please check the AHT now,
AHT,general,acronym,1,spelled,spelled,ay aitch tea,recovered,yes,please check the AHT now,ay aitch tea -> AHT
AHT,general,acronym,1,spelled,spelled_alt,eh haitch tee,recovered,yes,please check the AHT now,eh haitch tee -> AHT
